bylines,mean_prob_pre,n_ads_pre,total_spend,n_ads,mean_election_prob_weighted
Steven B Hughes,0.005922158107747766,1.0,1797.0,6,0.8049372337172518
Lendi Pty Ltd,0.9349200165125715,2.0,14540.5,19,0.9349200165125718
The Australian Institute of Architects,0.1478748376773448,33.0,29987.5,525,0.11181701133801063
Smart Voting,0.8366773860940444,57.0,302671.5,57,0.8052509583017231
Robert Skelton MP,0.2047178209836681,1.0,346.5,7,0.32874332509570703
YLab Global,0.5198427581697794,9.0,4037.5,25,0.6716490105384765
Senator Andrew Bragg,0.46205128922690336,12.0,14392.0,16,0.5290699952558688
David J Southwick,0.3113000319802525,6.0,43886.0,228,0.42215439488882284
Community Council for Australia,0.05958023571317703,4.0,498.0,4,0.11516713054771695
Sir David Martin Foundation,0.5775432680948426,50.0,17931.0,138,0.43814354014798856
Victorian Socialists,0.6045354788105514,4.0,1494.0,12,0.7584364034065465
Australian Society of Ophthalmologists,0.7667831967998341,5.0,947.5,5,0.8859077765019525
Pharmacy Guild of Australia,0.06423617429161665,3.0,2445.5,9,0.0058518948910907705
CARE Australia,0.17712722499968708,32.0,93370.0,360,0.27266870042777913
Stuart Aubrey MLA,0.39783406023321854,1.0,3183.0,34,0.20925784099843103
Christopher John Gazenbeek,0.49977518366929924,2.0,3989.0,22,0.1970839707711335
Australian Museum,0.29420389176757733,25.0,11079.5,141,0.2517307071639394
Victorian Auditor-General's Office,0.058229857865344514,15.0,2188.0,24,0.07375489721470391
Tamar Action Group,0.9510694425686855,17.0,5339.5,21,0.9540835623903331
PLan: the Planning Action Network Inc,0.9483441176366586,1.0,496.0,8,0.6928519977460323
Hugh Jones MLA,0.03774007902596932,2.0,247.5,5,0.07870462363498315
Australian Council of Trade Unions,0.5629691414261511,12.0,21678.5,43,0.41076153721326647
Gabrielle E Sheehan,0.9831834291075675,1.0,446.5,7,0.20196940052372547
Hawkesbury Matters,0.3677499826965735,3.0,1139.5,21,0.3823473181711842
Macquarie Alliance,0.8979086830671189,3.0,1442.5,15,0.8538601286094473
Toby Jason Thorpe,0.5739008581688951,14.0,2142.5,15,0.5111955941794089
Kevin James Jnr Halliday,0.965681833738226,2.0,198.0,4,0.9509661729046829
Engineers Australia,0.4758962483566178,15.0,98581.5,237,0.5086273317598596
Hume City Council,0.030877872406153067,3.0,2736.5,27,0.13761340794679006
Senator Karen Grogan,0.5993080543443784,3.0,2031.5,37,0.5537296674211997
Pirate Party Australia,0.9830027221352812,2.0,99.0,2,0.9830027221352812
Senator Louise Pratt,0.6252861186768719,5.0,5738.5,23,0.5959752187970073
Charles Dean Strunk,0.6669411996498895,2.0,148.5,3,0.7485931336262335
Glen Eira City Council,0.3638814762658362,2.0,1637.5,25,0.5993711274110327
Round Theory Wines,0.38601957706522294,2.0,9798.5,3,0.38345120453391257
Natalia Muszkat,0.3592673563456058,1.0,148.5,3,0.3411383485258936
Georgia Victoria Bounds,0.14338800262798934,1.0,99.0,2,0.5647760605390804
National Disability Services,0.9726947424526119,21.0,9731.5,37,0.8760049269066454
Senator Jess Walsh,0.73541668209479,21.0,6323.5,53,0.5836870181032389
SBS Ukrainian,0.5321863478414532,1.0,49.5,1,0.5321863478414532
Joshua Richard Last,0.3831479611689423,12.0,4033.5,33,0.37916778467839873
Baw Baw Shire Council,0.007519821556429607,3.0,2088.0,24,0.20389544672186022
Cr Brian Stockwell,0.09846748616155598,2.0,544.5,11,0.24428073646425677
Free the Hounds,0.17186762440215725,2.0,843.5,13,0.2878057039196114
Georgie Crozier MP,0.00941316873670046,5.0,1486.0,28,0.12954907470028212
SDA NSW & ACT,0.02649941301358205,2.0,10847.5,5,0.02649941301358205
Justin Eric Hanson,0.021426763677257044,1.0,544.5,11,0.6019545838183675
Michael Berkman MP,0.3167892365922185,2.0,99.0,2,0.3167892365922185
SumOfUs Australia,0.17356926143215798,3.0,75677.5,45,0.22075330821464165
Tasmanian Forest Products Association,0.5337706549461245,14.0,39089.5,121,0.3356981825737513
Centre for Public Christianity,0.4065959041392744,3.0,346.5,7,0.34368190633238255
Ethical Mischief,0.577701803720516,8.0,596.0,8,0.5001535641595988
Senator Perin Davey,0.7450353056516573,9.0,544.5,11,0.6191198373847182
The Pharmacy Guild of Australia,0.45791506058130227,13.0,335291.5,1017,0.5257621840417939
The Council for Intellectual Disability ,0.6815689676131105,1.0,945.5,9,0.8990660715607643
Independent Cowper Pty LTD,0.9608478425493404,3.0,8278.0,44,0.7734077790917847
Councillor Jared Cassidy,0.547340158227602,2.0,1140.5,19,0.29982958856615644
Tasmanian Association for Recreational Fishing,0.7557264660337636,6.0,297.0,6,0.7557264660337637
Kaushaliya Vaghela MP,0.09455025515596982,2.0,3244.5,11,0.5680168697004968
NSW Legislative Council,0.0026092874936879396,1.0,841.5,17,0.20390457715970556
North Queensland Conservation Council,0.9803137757509568,2.0,99.0,2,0.9803137757509568
CFMEU Mining & Energy,0.7939944885002743,41.0,62152.0,96,0.6847991293892148
Independent Education Union Victoria Tasmania,0.7861324016818824,4.0,1442.5,15,0.7444322843649287
Coastal Waste Warriors Inc,0.0004987986746429751,1.0,699.0,2,0.0004987986746429751
Karen Jane Eckermann,0.5166676185907284,1.0,792.0,16,0.7417584481475937
Reason Australia,0.6811278904085647,12.0,7043.5,13,0.5896994896313082
Northern Land Council,0.9967780431836606,3.0,1938.5,23,0.5264499953206345
Australian Nursing & Midwifery Federation Tasmanian Branch,0.9582560162383663,1.0,149.5,1,0.9582560162383664
Trisha Lee Doyle,0.31890071102706624,2.0,742.5,15,0.22331821808458804
Our Community,0.3655451565431866,2.0,248.5,3,0.2756918017096681
Macular Disease Foundation Australia,0.5352193719993903,8.0,396.0,8,0.5352193719993903
Day of AI,0.0038041963385364447,8.0,2376.0,48,0.04065417025830813
SBS Lao,0.2883795999876585,1.0,49.5,1,0.2883795999876585
Salt Real Estate Pty Ltd,0.35375803754633584,1.0,49.5,1,0.35375803754633584
Thomas Arnold Sesselmann,0.9666651461637533,1.0,742.5,15,0.7635458305606304
Vote Angus Out,0.8305969743742718,13.0,14829.5,41,0.8317886622283627
Office of Hon Nick Goiran MLC,0.516533273128189,3.0,5142.5,15,0.49168242032543585
School Strike 4 Climate,0.9796636550740908,3.0,547.5,5,0.7619216149122124
Bank Australia,0.5113424457655804,11.0,263669.5,461,0.5006818962319497
Alison Champion,0.9999440779974477,1.0,1644.5,11,0.4289636333795768
Rhonda M Clark,0.0955793828218241,1.0,49.5,1,0.0955793828218241
Kim Wayne Dillon,0.34012584964791565,9.0,940.5,19,0.4990842377670718
Brent Mickelberg MP - Member for Buderim,0.31446766836960355,3.0,2180.0,40,0.25304282937249867
The McKell Institute,0.49802724480548394,2.0,1139.5,21,0.4518846663387148
National Farmers Federation,0.9778264119202354,17.0,8136.5,27,0.9724100388210135
Regional Victorians Opposed to Duck Shooting Inc.,0.72936325650286,5.0,991.0,18,0.5227501876725505
"Paul Hamer MP, State Member for Box Hill",0.30467718604753447,1.0,49.5,1,0.30467718604753447
Stephen Liang Gie Khouw,0.6573051928281687,7.0,645.5,9,0.7554863755474095
ACT Government,0.8527842545940191,1.0,15552.0,96,0.40758793821931427
Gordon Rich-Phillips MLC,0.5125688865617887,14.0,16457.0,286,0.5765343408296123
Mark M Aldridge,0.8004812524537958,10.0,1337.5,25,0.6543734247781726
Senator David Van,0.6061374424436,16.0,6583.0,34,0.5680118734687266
St Vincent de Paul Society in Australia,0.053995235058181795,201.0,23858.5,383,0.04618947361581495
Environment Victoria,0.5993072155743585,17.0,34940.5,219,0.27492171616275496
Federal ICAC Now,0.8149018084292181,24.0,1588.0,24,0.8126640553039821
Cindy McLeish MP,0.14581530665231757,14.0,15631.5,237,0.3441371474622125
Asylum Seeker Resource Centre (ASRC),0.5010366493676311,106.0,114155.0,890,0.4033586614430142
David O'Byrne MP,0.3631627174754043,2.0,792.0,16,0.4900131289230133
Oxfam Australia,0.33456356096722695,225.0,263180.5,2139,0.3435583589076558
Andrew Douglas Church,0.8830226951382082,4.0,940.5,19,0.8065405499022449
Dean Andrew Harriss,0.6754326946464054,3.0,148.5,3,0.6754326946464054
Scott C W Lynn,0.6158695038866929,40.0,7426.0,148,0.6080416442090562
Socialist Equality Party,0.7421406701564228,29.0,8659.0,82,0.5467676814672001
Project Planet Australia Inc,0.9999884157309152,9.0,445.5,9,0.9999884157309151
Joel Peretz Lazar,0.8253088019492907,5.0,644.5,11,0.821391902087563
Laura Gerber MP,0.8078194632679528,3.0,1592.0,16,0.29743627891501506
SBS Malayalam,0.38314796116894223,4.0,898.0,4,0.3831479611689422
Electrical Trades Union,0.4631339676224645,7.0,696.0,8,0.3654257134819257
Fiona Stuart Simpson,0.5113612163207861,4.0,2931.5,37,0.46118527451647284
Jam Yuqi Xia,0.0344936045641789,3.0,1138.5,23,0.16489401985279656
Whitsunday Climate Change Innovation Hub,0.9612343787040698,1.0,49.5,1,0.9612343787040698
Jenny Leong MP,0.8054874758071984,1.0,1241.5,17,0.6035679446511765
RACGP,0.5612288087136003,35.0,12180.0,40,0.6622719381260989
100% Renewable Community Campaign Public Fund,0.6096589833414304,44.0,24150.5,199,0.5133732036120328
Steve Dimopoulos MP,0.47205723114358145,8.0,23084.0,232,0.41837613215572966
Stephen George Clarke,0.9360492259973625,14.0,891.0,18,0.9384882574118456
John Quigley MLA,0.48252888201167143,1.0,498.0,4,0.6028301395551395
AMA ACT,0.990930629022853,1.0,49.5,1,0.9909306290228529
Blacktown City Council,0.2963139790250092,5.0,2696.0,8,0.2723948772767749
Town of Port Hedland,0.0005604055264132324,1.0,99.0,2,0.01499340695475876
City of Melville,0.2904949407204668,8.0,4855.0,90,0.26166282734892615
Peter J Ames Lawrie,0.4049796174034742,2.0,99.0,2,0.40497961740347416
Victoria Law Foundation,0.4582653733260314,3.0,748.5,3,0.40826790844902366
Pauline Richards MP,0.7136015585765698,1.0,25875.0,50,0.2250865116438732
Indian Link,0.7387939322580875,14.0,2128.5,43,0.4884863577469145
Sportsbet.com.au,0.6756945461038395,3.0,9298.5,3,0.6756945461038394
Anthony Peck,0.9999230114798736,1.0,49.5,1,0.9999230114798736
Plan International Australia,0.29098539855263583,59.0,378201.5,397,0.1885756518729447
Health Care Providers Association,0.816981467192274,5.0,202760.5,79,0.7196725368006256
GoodFish: Australia's Sustainable Seafood Guide,0.16376169988374445,1.0,49.5,1,0.16376169988374445
Brad Battin MP,0.8303805653404853,1.0,26554.5,191,0.6270036787178632
Animals Australia,0.616425456255186,399.0,51114.0,572,0.6608591301115829
Search Foundation,0.8745017533825366,4.0,4898.0,4,0.8720859049607258
Mark Cheyne Drury,0.753164918031585,1.0,346.5,7,0.22022094683454665
Cody James Davies,0.007874211528290764,6.0,3613.5,73,0.46729160915672113
Queensland Positive People,0.6902657667041127,2.0,594.0,12,0.13126913677099886
Green Music Australia,0.5930017209591821,7.0,346.5,7,0.593001720959182
Solutions for Australia,0.47166375870604627,754.0,656140.5,1819,0.4250511310241077
National Party of Australia (S.A.) Inc.,0.568075977782967,4.0,2678.0,44,0.6925084784763555
Farmers for Climate Action,0.5546524809137118,17.0,28057.0,86,0.6584163467801973
Australian Conservation Foundation,0.2433939741067107,305.0,644985.5,2229,0.3541411720106447
Wyndham City,0.31033466498079143,8.0,943.5,13,0.5589988323175111
Natalie Hutchins MP,0.09779889330329979,3.0,1496.0,8,0.04980867541192749
Voices of Mornington Peninsula,0.8938719468153358,3.0,148.5,3,0.8938719468153358
Katie Hall MP,0.5379199869462691,3.0,8385.0,30,0.5199084320901391
SBS Dinka,0.38314796116894223,1.0,49.5,1,0.3831479611689423
Australian Nursing and Midwifery Federation,0.7095208551968696,15.0,44977.5,45,0.6732025589991402
Queensland Unions,0.7060046031927811,42.0,30272.0,56,0.7758685751878015
Parliament House of Cards Pty Ltd,0.26995982184904127,23.0,19534.5,231,0.28422897146056525
Jennifer Carol Sanger,0.82348007947487,4.0,1245.5,9,0.8864249896621466
Chuffed.org,0.27462572078968456,20.0,204755.0,290,0.3656593424727361
Victoria Forward,0.4774495814529666,3.0,148.5,3,0.4774495814529666
Australian Workers Union ,0.7752257598173896,72.0,14379.5,141,0.6055487183855731
National Shooting Council,0.4429387063951184,4.0,11029.5,41,0.6074449905730445
ABC Friends Victoria Inc,0.718628224522519,3.0,346.5,7,0.613545657567713
Adam John Logan,0.7882303463468144,3.0,148.5,3,0.7882303463468144
SA Unions,0.9306508206431213,3.0,7785.0,30,0.7697748026702129
James Anthony,0.9495249547990074,4.0,2376.0,48,0.641406687583731
Ithaka,0.5367812380518212,106.0,62441.0,118,0.7264826734208935
OZ Arab Media,0.45512242279407555,30.0,9059.5,181,0.2573702735874631
Socialist Alliance,0.8310013253536553,3.0,346.5,7,0.6367225486501519
Joshua Barton Willie,0.21975993383810755,1.0,445.5,9,0.5322746500949233
Australian Education Union Tasmania,0.6694012019599194,87.0,8842.0,116,0.6515335882884948
Simon James Mcmahon,0.20925771439026486,8.0,8473.0,54,0.34539857575436184
Stephen Bennett MP,0.6767006723252993,1.0,198.0,4,0.2610783826543787
Ann Leahy MP,0.5879767402510586,1.0,596.0,8,0.7600507019840682
Colin John Francis Ebsworth,0.12782306097467055,3.0,644.5,11,0.16300126466787074
Bree Kathleen Hunter,0.4044965901598603,2.0,1640.5,19,0.31347142670230577
Vote Earth Now,0.8161940018985003,10.0,2395.0,10,0.8096567740365096
SBS Russian,0.5321863478414532,1.0,199.0,2,0.4951139853274367
Hannah Beazley MLA,0.6952019644107167,1.0,793.0,14,0.1400092382381953
Cindy McLeish MP ,0.41150982924045015,9.0,5098.5,103,0.3978637882277276
Michelle Lisa Dracoulis,0.9941973436836684,1.0,445.5,9,0.8609099478165234
Humane Society International Australia,0.7021256171896647,81.0,22137.0,126,0.4151997833026977
Sarah Connolly MP,0.04042629663819486,1.0,19185.0,30,0.3044865737354006
Vote Clean Future,0.4123946081579001,7.0,843.5,13,0.45689761522817707
Centre For Public Integrity,0.7487643528971837,4.0,5536.5,27,0.8575884363199907
Benjamin David John Downie,0.7414488100962259,8.0,445.5,9,0.7501371013571619
Sonya Kilkenny MP,0.2786671060266021,3.0,3432.5,35,0.19536249045531778
Business SA,0.7468221668473523,1.0,5546.5,7,0.23343959551863927
Whitehorse City Council,0.23224414270143923,10.0,3863.0,74,0.21272434032994833
Karen Susan Edyvane,0.6373370428306593,8.0,544.5,11,0.5963763785121444
Hunter Jobs Alliance,0.5373644686615018,59.0,41676.5,147,0.47227000703631533
Jeremy Hanson,0.8213040784122296,1.0,1299.0,2,0.48473424249463554
Steven James Rypp,0.009377605147417478,1.0,544.5,11,0.35690613836820523
Adrian C Wolter,0.9548962428758343,3.0,148.5,3,0.9548962428758342
The Australian National University,0.20521899292215723,2.0,198.0,4,0.36256720484991023
Lizzie Blandthorn,0.26178215288217643,9.0,4730.5,39,0.43490494665939666
John Kennedy MP,0.9984017596287298,2.0,5030.5,39,0.45679078629472847
Don Farrell,0.7190454337288055,10.0,3092.0,16,0.7473412098078446
The Australia Institute,0.811239524350347,4.0,18539.5,21,0.665536405683509
Margaret Quirk MLA,0.995468399649771,1.0,99.0,2,0.995520677024894
Tasmanian Electoral Commission,0.49622533920721335,3.0,13743.5,13,0.5003233661465957
UniSuper,0.12641845172127006,22.0,168622.0,156,0.20759282084214956
Jared Morgan,0.15992119950979822,2.0,99.0,2,0.15992119950979822
Smiths Beach Action Group,0.24323363400196563,1.0,549.5,1,0.24323363400196565
Meat & Livestock Australia,0.5453786310261545,14.0,111159.0,82,0.38525513344221374
Bill Tilley MP,0.3044576851454859,4.0,13184.0,232,0.4883759545125374
"Hughes Deserves Better, Inc.",0.8336374621211005,6.0,1091.0,18,0.8849150528439117
Greater Shepparton City Council,0.756547298082894,2.0,797.0,6,0.47740930115248353
Sawtelghad Radio,0.819613156576119,2.0,297.0,6,0.439081248730481
David Adler,0.3045894814273746,7.0,3613.5,73,0.33262957976690505
CPA Australia,0.620893658503546,3.0,18118.5,63,0.5755314815000016
David Smith MP,0.7910900414868739,3.0,2939.5,21,0.5999669738140424
Katherine Ella Chaney,0.9944546441798526,11.0,37319.0,62,0.9843000683127889
Independent Australia,0.3891246949573186,9.0,3613.5,73,0.355479637334721
SBS Punjabi,0.45860551975246583,8.0,495.0,10,0.4403738671422742
Benjamin John Davison,0.6873567387333287,13.0,14388.5,123,0.6736954417516139
Australian Education Union,0.9827316924570741,70.0,253022.5,255,0.9797346463495641
Queensland Nurses and Midwives' Union,0.6863558962660581,24.0,6536.5,27,0.6423643548900936
SBS Nepali,0.38314796116894223,4.0,697.0,6,0.38314796116894223
Committee for Mornington Peninsula,0.5036690420274804,2.0,99.0,2,0.5036690420274804
SEARCH Foundation,0.49893060683414286,10.0,2593.0,14,0.47898522317705955
Steven John Martin,0.4403714908465683,12.0,6237.0,126,0.33843789689225073
Anthony J Snowden,0.9116009693575922,4.0,3217.5,65,0.6497254343842643
Epping Civic Trust,0.9984191568170494,3.0,544.5,11,0.3709127564449959
Bridget Vallence MP,0.5050398444623133,15.0,7402.5,95,0.4858545460935299
Joel Richters,0.8183483555658012,6.0,346.5,7,0.7239722240571067
Kim For Canberra,0.7408775745079776,37.0,25514.5,71,0.605696656553117
Tamara Smith MP for Ballina,0.6297810084459033,1.0,299.0,2,0.3287921016669206
SDA Union Victoria,0.047184685063584864,1.0,14843.0,14,0.13011342987200727
Stanwell Corporation,0.3270257283683638,8.0,8920.5,59,0.27881737397208783
David Davis MP,0.2707378026191436,17.0,5100.5,99,0.2877785317127156
Jean Hailes for Women's Health,0.38112465855364164,25.0,63843.5,213,0.26020143033288856
Mathew A Dickerson,0.43218362293159546,2.0,596.0,8,0.3605624931906721
Peter James Coulson,0.7334850848158645,2.0,299.0,2,0.7334850848158645
Jim E Overend,0.5698293583396141,2.0,198.0,4,0.5878236281028931
Physical Disability Council of NSW,0.9911542263469235,1.0,12499.5,1,0.9911542263469235
Catherine Angelique Zeiger,0.10447060383198543,3.0,2227.5,45,0.2919001979766263
The Ethics Centre,0.7815930731375205,3.0,20210.0,180,0.3564238392807001
Ricky Anne Coughlan,0.9929654133719259,5.0,247.5,5,0.9929654133719258
Region Group Pty Ltd,0.9623283393053615,3.0,347.5,5,0.8926566448304895
Amnesty International Australia,0.5945551547415484,35.0,854819.0,2262,0.2832766534948078
Ryan Donald Bayldon-Lumsden,0.3019334899573129,3.0,2576.0,48,0.22777287827135279
Paul Lawrence Toole,0.7410391419784157,1.0,891.0,18,0.3196588510359144
Rebecca Stephens MLA,0.6971360265497427,1.0,445.5,9,0.18435952460457652
CFMEU Manufacturing Division,0.8071183597419721,6.0,3871.0,58,0.47421026308611397
The Chaser,0.8939672662724765,3.0,59049.0,102,0.2694596858823022
Informed Medical Options Party,0.36488309721623075,9.0,544.5,11,0.3769404565647413
Melinda Kirby - Ray White Rockhampton,0.981123910823145,2.0,248.5,3,0.8016562315915008
Emily Dimitriadis,0.48070626867374266,2.0,247.5,5,0.4814994094822726
Amandeep Singh Grewal,0.5661901746670327,13.0,1343.5,13,0.45607985457221156
Mark Buttigieg MLC,0.9653118921631136,25.0,8428.5,43,0.9326584106182654
Nick Staikos MP,0.7100341646828013,6.0,3273.0,54,0.3551313226194592
Australian Christian Lobby,0.8632794018656064,58.0,274256.5,187,0.6285160383009208
Emerge Australia,0.577944918415329,7.0,842.5,15,0.603301163129263
Allied Health Professions Australia,0.16180861882342007,5.0,3094.0,12,0.2564318786513664
The State School Teachers' Union of W.A. (Inc.),0.9929738251016849,6.0,297.0,6,0.9929738251016847
Advance Australia,0.5633910524328344,26.0,284893.5,613,0.7853659890638747
William Anicha Bay,0.36544929369201884,9.0,1139.5,21,0.31290148165185205
WAMN News,0.6357686241897611,10.0,4805.5,89,0.49979253004755125
Local Government Association of Queensland,0.8381576128389879,40.0,10161.0,78,0.8524655120335755
Master Builders Australia ,0.9309467057833485,97.0,8038.0,124,0.8494575429421518
Bob Brown Foundation,0.05370592411919212,2.0,3924.5,51,0.5748358400721647
Whitlam Institute within Western Sydney University,0.1761613459628073,8.0,995.0,10,0.18554125632906515
Victorian Trades Hall Council,0.5586886987543552,52.0,51106.5,187,0.5047246046543297
Louise Eileen Staley,0.7019906364869617,5.0,32072.5,155,0.4417605352548203
Advocacy Tasmania,0.6529321113081514,3.0,6183.0,34,0.29967015748447773
Tasmanian Inquirer,0.9528674679597585,1.0,247.5,5,0.8497173424113925
Gregory John Day,0.035262440606659506,1.0,297.0,6,0.12013453545411393
Dyson4Wannon Campaign,0.9310644278504088,26.0,9434.5,31,0.9303805707231009
Colin Brooks,0.7464452540986568,4.0,3342.5,15,0.6173782235937667
Teresa Maree Lane,0.9998170112423798,1.0,247.5,5,0.687803940326387
Special Broadcasting Service,0.40478251576071933,95.0,20230.5,239,0.40175429963309844
Voices of Bradfield Inc. - Reg#2100484,0.7587924939882673,15.0,1742.5,15,0.7550379438222161
Ashleigh S Vandenberg,0.513379156680182,2.0,841.5,17,0.39824269566280474
Conservation Council of South Australia,0.7351460808577299,4.0,1845.5,9,0.6857247552859588
Shooters Fishers and Farmers Party,0.6873608278756299,5.0,4836.5,27,0.6828080382690033
City of Melbourne,0.2286961435265874,1.0,2445.5,9,0.1781809178884308
Save Mascot Towers' families,0.5945295080033242,1.0,249.5,1,0.5945295080033242
Ron Hoenig,0.7089259271617978,1.0,996.0,8,0.5141414107177045
Manly Observer,0.9971742721853696,1.0,99.0,2,0.5194397758013998
Steve Edgington,0.036956520334326615,1.0,198.0,4,0.04387398403670659
Doctors of ,0.9999898474107135,1.0,1096.0,8,0.8723130233043673
Economic Justice Australia,0.9551264268978377,4.0,198.0,4,0.9551264268978378
Australian Manufacturing Workers' Union,0.7102088054704042,38.0,3681.0,38,0.7241837572501935
The Nature Conservancy Australia,0.25324872600741244,6.0,1637.5,25,0.18456350662308676
Tyler Hamilton,0.08914848032217577,6.0,297.0,6,0.08914848032217577
Sheena Watt MP,0.4325775552283872,2.0,4489.0,22,0.5884356008189463
The West Australian,0.9702688707432561,1.0,6444.5,11,0.6989889451625508
Outdoors People Climate,0.7048612315759877,2.0,148.5,3,0.5976234747736392
Daniel Andrews MP,0.4822769529054909,31.0,102763.0,474,0.39662721047102306
Brisbane Flight Path Community Alliance,0.2828409038365277,19.0,6777.0,46,0.43659397267440875
"Bayside City Council, Victoria",0.10447144743134132,4.0,1692.0,16,0.30688027186489236
Humanists Victoria,0.0005797802769450522,1.0,49.5,1,0.0005797802769450522
Showcase SA,0.013590541674414897,4.0,9316.5,67,0.06492891164169559
City of Swan,0.26572911275744937,1.0,1946.5,7,0.7595636482989229
Kym Jessie-ann HENDERSON,0.056356205907179824,1.0,99.0,2,0.14537891580837703
Australian Parents for Climate Action,0.7840380182820521,53.0,47596.0,408,0.6823289924712806
WorkForClimate,0.5295501086709056,10.0,6188.0,24,0.534159056691911
Baptist World Aid Australia,0.2060040090078445,22.0,18418.0,164,0.34951862903949804
Vegan Australia,0.8859772289749621,2.0,199.0,2,0.8859772289749621
Richard Riordan MP,0.4000801761914585,6.0,3625.5,49,0.45580348027740686
David Crisafulli MP,0.5916157927512279,3.0,10463.0,74,0.5807305829640785
Colliers Toowoomba,0.34826474398346446,2.0,2230.5,39,0.349423505618486
Chris Whiting MP,0.3775445765797054,2.0,346.5,7,0.2432233916664633
The University of Melbourne,0.42653129394033135,22.0,24126.5,247,0.3355637921298143
ANTaR ,0.5010924384969657,2.0,1442.5,15,0.580231610378245
Karlo Perkov,0.05420352021573568,3.0,2029.5,41,0.3026369629430201
1in50 Incorporated,0.9943123374607171,85.0,21330.5,239,0.8444768615334569
Frank Giuseppe Carbone,0.6649615530984678,2.0,398.0,4,0.49594588279295804
The Wellington Collingwood,0.0016260803836293247,3.0,548.5,3,0.0016260803836293247
Public Service Association of NSW,0.5256388882535207,9.0,4616.5,67,0.5650897487203057
CCHR Australia,0.013809228554326314,3.0,13736.5,27,0.02728223774649265
Katrina Stratton,0.4060262633387306,4.0,2674.0,52,0.2905192151478786
Kim Wells MP,0.4381668058177177,6.0,4577.0,46,0.6097953749792683
Anthony A Schneider,0.8233866162843265,1.0,49.5,1,0.8233866162843265
Summer Foundation,0.9041505353565502,2.0,7076.0,48,0.8982720004752137
Queensland Family and Child Commisison,0.10840448294307944,10.0,8069.0,62,0.26711545415358556
Christine Tonkin MLA,0.5711332846763888,2.0,297.0,6,0.4848830685008159
ABC Friends,0.794176926018617,251.0,146068.0,864,0.8424989429493787
Jeffrey W Cooke,0.7268790377347816,5.0,247.5,5,0.7268790377347817
Australian Democrats,0.9599217740170135,100.0,54442.5,115,0.8617265591723188
Mark Hammel,0.25337893728574384,7.0,2136.5,27,0.26865984076069693
True Crime News Weekly,0.5342169592750706,16.0,3811.5,77,0.40930773499031775
Michael James Brown,0.4910776505471763,2.0,547.5,5,0.7160029366345465
WOMENS INFORMATION AND REFERRAL EXCHANGE INCORPORATED,0.8597731353288834,2.0,5330.5,39,0.06269699618439502
Julie Collins MP,0.6545906744207239,2.0,745.5,9,0.7874732146089483
Sydney Fibroid Clinic,0.33845558161569267,2.0,3697.0,6,0.36278186800163126
Network 10,0.3678956720636287,1.0,18344.0,12,0.4392883267776403
Private Media,0.3744037883515803,128.0,178039.5,3021,0.3281534648788625
Matt Tyler,0.7317996885196978,1.0,198.0,4,0.1839439348113046
Rodney Wayne Grljusich,0.250796021684129,26.0,6831.0,138,0.32570129765318884
Brendan Michael Hilferty,0.6385945005335242,12.0,594.0,12,0.6385945005335242
Paul Andrew Jackson,0.9499261813899276,4.0,497.0,6,0.3800471263259379
Meredith Jane Hammat,0.05984916756389802,1.0,940.5,19,0.3170324012199327
Danny Pearson MP for Essendon,0.517732501318088,4.0,24353.5,393,0.3439920266052925
Australasian Centre for Corporate Responsibility,0.5844280846258082,4.0,6178.0,44,0.4480544812048828
Jonty Bush,0.7148537933470369,1.0,1091.0,18,0.2865332059033992
Ron Hoenig MP,0.023152539869369826,1.0,4530.5,39,0.45584618711655145
Voices of Bennelong,0.9870674489432771,1.0,148.5,3,0.9935992083901631
Kim Giddens MLA,0.34225911591042874,6.0,4077.0,46,0.25370484964771983
It's Not A Race,0.530002847379931,285.0,221677.5,445,0.5782513137000481
Nature Conservation Council,0.947087284909081,28.0,29783.5,333,0.3342185701572208
Senator Susan McDonald,0.8366067156182411,7.0,2583.0,34,0.750521417589784
Seed Indigenous Youth Climate Network,0.9991178924534483,1.0,348.5,3,0.8626819190860329
GetUp!,0.7767680644464792,195.0,203838.0,424,0.737955502930069
Kat Theophanous MP,0.5434026117761803,4.0,20468.0,64,0.43919148247879475
Office of Paul Hamer MP,0.32422681835274847,4.0,7233.5,33,0.2510288258571636
Senator Catryna Bilyk,0.1153378151049379,1.0,99.0,2,0.19771773369511128
James Oliver Gibson,0.8658547700532377,362.0,27962.0,476,0.8657660076376756
National Party of Australia,0.4980833989661937,20.0,26580.0,40,0.44515170981451296
Home to Bilo,0.7499705492690235,13.0,5643.5,13,0.8050525871581513
James Mackay,0.036078033564773127,3.0,3168.0,64,0.2737188973560054
Australian Christians,0.7792958529771057,21.0,5882.0,36,0.8350792667872361
The Climate Reality Project - Australia and Pacific ,0.9986671664768417,1.0,598.0,4,0.7303008920841932
HSU National,0.9685588368751326,38.0,35321.5,57,0.8663337882550465
SBS Dari,0.3831479611689422,6.0,792.0,16,0.3831479611689423
Robert Molhoek,0.17033651528279772,7.0,1237.5,25,0.22976382082779048
Bayside Council,0.0009625247176352492,1.0,248.5,3,0.1021918025892454
Townsville City Council,0.675563339277113,1.0,11350.0,100,0.1852316294278733
Inner West Council,0.01780986998306,2.0,744.5,11,0.145758734324666
Vicki Ward MP,0.7414795472711232,1.0,6032.5,35,0.5146133042969788
Climate 200,0.8470311871206333,138.0,629674.5,1351,0.7750329141707617
Ryan Smith MP,0.00214590327104236,2.0,12496.0,208,0.3908294671119188
Rebecca Connell,0.7187520674249266,13.0,5643.0,114,0.4700886917344627
Senator Slade Brockman,0.43101411124389866,2.0,3685.0,30,0.5340338927732704
Yarra City Council ,0.06541564128586425,2.0,1941.5,17,0.34993685679640174
Steph Cooke MP,0.09656251753802603,3.0,445.5,9,0.4110453693533269
Keep Top End Coasts Healthy,0.878143990646055,7.0,3339.5,21,0.5715583963757221
Parliament of Victoria (Stuart Grimley MP),0.24610907460521814,1.0,5631.5,37,0.436132334580959
Will Fowles MP,0.2984431233307752,10.0,16564.0,72,0.46497612035029434
Zurich Financial Services Australia,0.08568390487904953,1.0,49.5,1,0.08568390487904953
Jackson Taylor MP,0.43633353191323493,21.0,41272.0,256,0.4312234554476383
United Workers Union,0.8832931687546713,102.0,179795.0,510,0.7661776343714296
Construction Forestry Mining and Energy Union Vic-Tas,0.7830569958180269,3.0,8843.0,14,0.43060588049711435
caz4cowper,0.7950079439787403,33.0,27530.5,39,0.9446055765092815
First Peoples' Assembly of Victoria,0.31967521961433243,8.0,11386.5,127,0.36035829714541434
Corrine McMillan MP,0.13852801969909326,4.0,2826.5,47,0.2665413190899495
Tania Maxwell MP,0.6652257894053555,4.0,2179.0,42,0.6785282548966267
Office of Ros Spence MP,0.3573087969470081,3.0,7732.5,35,0.3736639570779657
Tim Read MP,0.8701223956256212,2.0,32720.5,59,0.6164810260380447
Seems Legit,0.4961853365446659,1.0,396.0,8,0.46028858772971204
First Tier Media,0.924601036438114,95.0,17402.5,95,0.9255530558931906
Entain Group Australia ,0.940062036054599,31.0,35934.5,31,0.9444450984468762
National Youth Commission Australia,0.026829207758170683,153.0,17525.0,350,0.02339265027078461
The Wilderness Society,0.2908541870450332,150.0,145541.0,1518,0.27447524402120743
SBS Tamil,0.5821907638593979,4.0,398.0,4,0.6822122727490743
Senator the Hon David Fawcett,0.9977779596648764,16.0,2990.0,20,0.9915257749059264
Jon Krause MP,0.33947930864302056,1.0,446.5,7,0.5407003282737434
Cancer Council SA,0.6043538477229526,32.0,81084.0,232,0.37616220821505414
Communications Electrical and Plumbing Union of Tasmania,0.8641539199623579,4.0,198.0,4,0.8641539199623578
Bruce Francis Schaafsma,0.9469183070105646,16.0,2283.0,34,0.669568761606784
Nick Wakeling MP,0.2862497073083863,23.0,29741.0,318,0.38760336505849574
Fair Business Australia,0.9025917873525761,37.0,1881.0,38,0.8972508850239075
Di Farmer,0.0892397484392935,2.0,1542.5,15,0.05248684498204969
My Vote Matters,0.6648935191169831,5.0,893.0,14,0.5159962661162866
What Can I Do? Australia Inc,0.06664821176953828,3.0,1039.5,21,0.3483696212223982
AANT,0.39054026886332177,7.0,792.0,16,0.5432623072908459
Kooyong Climate Change Alliance,0.8447974827080837,7.0,1246.5,7,0.8641008814919152
Robert John Schmidt,0.126203237588153,1.0,247.5,5,0.3726094512413348
Lighter Footprints.org,0.8739503201196648,14.0,3076.0,48,0.8087944069387001
Sustainable Australia Party,0.9999991875322934,3.0,3535.5,29,0.6838931226252785
Artology,0.49707842253409007,6.0,997.0,6,0.5377565615436992
State Library of Queensland,0.9517555269616707,1.0,49.5,1,0.9517555269616707
Dean Michael Gallagher,0.994459409113628,1.0,148.5,3,0.9944594091136278
Friends of the Earth Melbourne,0.7063498264403767,9.0,4592.0,16,0.8329523161121463
Black Inc.,0.6037361982351127,6.0,1938.5,23,0.38790624018424363
Queensland Conservation Council,0.7045512942040654,15.0,29293.5,113,0.24953915288287612
SBS Vietnamese,0.6051736721105616,17.0,1390.0,20,0.5175613681886349
Colleen Mary Hughson,0.18033952821931643,1.0,99.0,2,0.3185356372739123
Australian Aged Care Collaboration,0.6737489900781883,1.0,149.5,1,0.6737489900781883
Mitchell Cameron Griffin,0.9998943038805287,2.0,148.5,3,0.735983816684086
Australian Family Party,0.4483765498730419,4.0,198.0,4,0.44837654987304193
"FUSION: Science, Pirate, Secular, Climate Emergency",0.6878556094257078,10.0,1044.5,11,0.6057283678412684
Tim James MP,0.42268676994369336,2.0,1686.0,28,0.10019702404591918
Australian Automobile Association,0.8701479052985316,251.0,128001.5,1397,0.6291841832339081
Australia Climate Action Fund,0.9839919010028008,1.0,99.0,2,0.9641395542394452
SBS Urdu,0.38314796116894223,4.0,495.0,10,0.440608298916632
Healthy Futures,0.6311945756213257,2.0,396.0,8,0.3775370389701972
Iann Melrose,0.9753831672599632,1.0,49.5,1,0.9753831672599632
Australian Youth Climate Coalition,0.9994359903735485,45.0,42160.5,179,0.8630353395021706
Dr David Honey MLA ,0.5341238356480849,17.0,25109.0,82,0.5890074040231162
Fair Agenda,0.9876419947479355,11.0,5183.0,34,0.9099874912998439
Médecins Sans Frontières Australia,0.3888751990354812,56.0,306915.5,469,0.20533773932979363
Ranka Rasic,0.2960662317014393,1.0,149.5,1,0.2960662317014393
Stephen Patterson MP,0.1589754758802533,1.0,198.0,4,0.3123096381768608
Spinal Life Australia,0.855095995919274,13.0,15033.0,34,0.8504281893262908
Mark Daniel Mclinden,0.7127586437617153,1.0,149.5,1,0.7127586437617153
Lily D'Ambrosio MP,0.4127743125873911,2.0,2833.5,33,0.49813968548818804
Montana Elizabeth Tym,0.5175868633919433,9.0,1144.5,11,0.5395137937968258
"Electrical Trades Union of Australia, Victorian Branch",0.8020411018176623,25.0,118130.0,40,0.5474896449633304
Together Queensland,0.7998489918965245,5.0,24643.5,13,0.6161227104767363
Senator Matt O'Sullivan,0.7052329750499813,24.0,6516.5,67,0.6211280247958787
Gary Maas MP,0.5636085543222612,7.0,19555.5,89,0.4313884333817424
Country Needs People,0.7278715916446125,4.0,12326.5,47,0.6318700590413623
SBS Khmer,0.2883795999876585,1.0,149.5,1,0.2883795999876585
The University of Queensland,0.11002760045520377,7.0,15442.0,116,0.2263134296810267
Australian Council of Social Service,0.8806119859539371,6.0,7772.0,56,0.40595286029455946
Allan Stanfield,0.4513738554866263,11.0,8242.5,15,0.37801300245204095
SBS Thai,0.3831479611689422,6.0,1290.0,20,0.38314796116894223
"Bendigo Sustainability Group, Bike Bendigo or Commoners Co-op",0.7961696998287455,1.0,547.5,5,0.6196893921570285
Stop Live Exports,0.23178387794572838,18.0,1540.5,19,0.19017412826608215
NSW Teachers Federation,0.6149715161978014,3.0,32884.5,31,0.154055124309142
Peter David Jensen,0.13772870654684177,1.0,693.0,14,0.666014135576131
Aaron David Harper,0.06754671423852254,1.0,495.0,10,0.30852372038321835
Brian John Marlow,0.6357905503706712,15.0,1792.0,16,0.6233731265530371
Western Australia Party,0.5791318326774756,6.0,23640.0,20,0.5155481687875855
The Climate Council,0.9583133090770353,46.0,64837.0,526,0.7688120798055909
Dr Christian Rowan MP,0.1156995346608229,10.0,2972.0,56,0.32956569970477145
Australian College of Applied Professions,0.40592233348960344,8.0,4393.0,14,0.43193151056365653
Public Service Association of SA Inc,0.28810475698716187,2.0,1239.5,21,0.7496635701591259
Australia for UNHCR,0.34554334524082203,112.0,514934.5,1331,0.23993500344332472
Judith Avril Treanor,0.8190879760902491,14.0,993.0,14,0.8717070148991697
SBS Hindi,0.21286382761182607,5.0,4345.5,9,0.15362413997279686
SBS Tigrinya,0.5321863478414532,1.0,99.0,2,0.4576671545051978
Yao-Tsu WU,0.012249536857225518,1.0,148.5,3,0.2560844118919614
Theo Zographos,0.20298230609726853,1.0,990.0,20,0.3700665178273368
Mark Thomas Denham,0.5349961754274545,13.0,643.5,13,0.5349961754274544
SBS Polish,0.2883795999876585,1.0,149.5,1,0.2883795999876585
Sean S O'Reilly,0.32150847130828797,4.0,1980.0,40,0.3151591573264444
The National Party - Victoria,0.7470916086795855,5.0,41710.5,79,0.5783177651082305
Beau Kane Brandon Lee Brug,0.3754513404696896,3.0,4762.0,76,0.3932897564465062
WorkforClimate,0.5541411668676284,18.0,1091.0,18,0.5541411668676284
Save the Children Australia,0.26851104398338715,126.0,239982.0,1036,0.34645159284520727
D.Cheeseman,0.41376769322747586,14.0,23101.0,198,0.3573223438730874
Tim Richardson,0.32359951707490026,6.0,35068.0,64,0.32549766186441076
Australia Beyond Coal ,0.988757115433625,50.0,70419.0,162,0.9933373861662359
Better Renting,0.981852785063829,3.0,548.5,3,0.9818527850638291
Northern Territory Electoral Commission,0.3995842596187774,1.0,4888.0,24,0.6369443318127743
Hunter Workers,0.6331430912983852,6.0,792.0,16,0.6008318827347061
NSW Nurses and Midwives' Association,0.8146071216928716,15.0,29489.5,21,0.5093296737420727
Women With Disabilities Australia (WWDA) ,0.999532699464362,1.0,148.5,3,0.3525301786646774
Rowan Hayward,0.015854774182236075,4.0,1289.0,22,0.04997958068332827
Peter Rundle,0.18398754818633511,1.0,148.5,3,0.2660976206574757
COTA Australia,0.6556183027618665,10.0,1195.0,10,0.6660703681583056
Amanda Camm MP - Member for Whitsunday,0.7634371841020153,1.0,49.5,1,0.7634371841020153
Parliament of Victoria,0.3696807842134873,9.0,19693.0,214,0.3187470107474368
Senator Mehreen Faruqi,0.5643334027912484,37.0,3422.5,55,0.46688440294846906
Ryan James Posselt,0.5051363758870702,6.0,2384.0,32,0.4721244563653142
Asren Pugh,0.6476635581703174,1.0,2244.5,11,0.4916275738748442
Craig Ondarchie MP,0.8105345999952949,12.0,7431.0,138,0.6938729116352289
Brighter Directions,0.5109650514516415,82.0,35034.5,231,0.4609181074702722
Patrick Gerard Caprice,0.6209319564137368,5.0,1985.0,30,0.7614861023372934
Wayne R Farnham,0.9992064409052714,1.0,3820.5,59,0.8249117589125828
City of Parramatta,0.3509223398120045,8.0,9103.5,93,0.2824240725726826
Nina J Taylor,0.9769267535429288,1.0,842.5,15,0.46092047745004466
Guardian Labs,0.6934056951778851,5.0,6535.5,29,0.2311715061651174
TL Progressive Inc,0.7068808240774379,12.0,2088.0,24,0.7944617954630592
Gen United,0.6796303103836454,18.0,5430.5,39,0.567822438948589
Australian Chamber of Commerce and Industry,0.636025390370309,11.0,8344.5,11,0.6056019891566516
Australia Palestine Advocacy Network,0.7615553982139885,3.0,647.5,5,0.43662581973837716
Bendigo Sustainability Group,0.03336256043668623,2.0,1241.5,17,0.13315031515656467
Disability Housing Australia ,0.3950261586461513,1.0,148.5,3,0.5166777752567214
Australian Academy of Science,0.5711082045325306,4.0,1040.5,19,0.40789391588278817
Sportsbet,0.4548963542246398,2.0,6949.0,2,0.4548963542246398
Andrew John Bartlett,0.9999980768046877,1.0,49.5,1,0.9999980768046877
Australian Unions,0.5561502700106792,92.0,543427.5,545,0.39514665576221963
Australian Marine Conservation Society,0.9200774877279833,46.0,25350.0,100,0.7084754395767324
Youth Affairs Council Victoria,0.12298507285154459,6.0,1487.0,26,0.21281448673497014
Dying with Dignity NSW,0.5036058823043252,2.0,1997.0,6,0.451379414513884
Jordan Crugnale MP,0.3482827552255599,3.0,5428.5,43,0.36070613130435353
Rewiring Australia,0.5493732706826419,3.0,5748.5,3,0.5544643041236731
Vision 2020 Australia,0.34922275408060505,15.0,3492.0,16,0.2830059958989636
SDA Union,0.43950375259028474,2.0,15843.5,13,0.47294863585689195
Mornington Peninsula Climate Action Network,0.9998699936123279,3.0,248.5,3,0.9999223100627768
Iacovos Digenis,0.9914188224025503,1.0,49.5,1,0.9914188224025503
Maritime Union of Australia,0.6056031847743564,2.0,445.5,9,0.41722690910708105
Christian Schools Alliance,0.7186506696180056,52.0,19618.5,63,0.7619952574365004
Richard C T Stockman,0.3392915447497069,5.0,1039.5,21,0.37695462736418284
Armenian National Committee of Australia,0.5097670536719733,28.0,9406.0,188,0.267140087922212
TAB,0.7677688606457098,14.0,93490.0,20,0.8437608773247738
Patricia J Benham,0.3587940654144339,4.0,841.5,17,0.3413203181991289
NewsCop,0.3743782106456981,2.0,841.5,17,0.45473140095352216
Australian Ethical Investment,0.05758696091950044,48.0,153550.5,599,0.18211344504933313
Kimberley Arthur Wells,0.6260187619878961,2.0,346.5,7,0.2749159818507216
Maxie Anna Altclass Ford,0.6628034421664103,1.0,49.5,1,0.6628034421664103
Smack Bang ,0.27760661573014456,4.0,198.0,4,0.27760661573014456
West Australian Ratepayers and Residents Association (WARRA) Inc,0.9404032417357779,2.0,297.0,6,0.6778812350185207
Voices Of Mackellar,0.7906391566593687,1.0,49.5,1,0.7906391566593687
new Democracy,0.9951317465383014,5.0,9036.5,27,0.8720269339125892
BlueBet,0.5974781592519152,4.0,2798.0,4,0.5974781592519152
Maree Edwards MP,0.5809030630133223,2.0,1139.5,21,0.47579757792167365
FOUR PAWS Australia,0.3101978488739281,79.0,21418.0,164,0.21952719393201722
Office of Dustin Halse MP,0.3542953826069707,7.0,18216.5,67,0.33223269877977235
Senator Jane Hume,0.515769295403311,10.0,4433.5,33,0.5247630581635702
Musicians Australia,0.49024235320948895,4.0,13308.5,83,0.7728145285028739
Politics in Colour Australia Pty Ltd,0.8209128125908851,2.0,743.5,13,0.4999971558135979
BOS REALTY,0.47745368813063094,1.0,249.5,1,0.4774536881306309
SBS Filipino,0.45766715450519774,4.0,297.0,6,0.3689010916489063
The Australian Workers' Union - West Australian Branch,0.015307074799015497,1.0,1047.5,5,0.4056232916755759
Peter Francis Deane,0.49864921270073104,10.0,643.5,13,0.4866829599784783
CFMEU - Construction & General,0.9276993984622095,3.0,52248.0,4,0.813747913538385
Defence Force Welfare Association - National Inc,0.9645129619053454,2.0,99.0,2,0.9645129619053454
Kelly Marie Sims,0.6161287549014347,16.0,9949.5,201,0.4203183550834074
Chaney for Curtin,0.998035799589676,10.0,56695.0,10,0.9966758543711538
Unharm,0.04795272675712248,4.0,10030.5,39,0.6788282118038789
Suzanna Sheed,0.9308014932631615,1.0,9142.5,15,0.681975775007805
GECO,0.9751135866913556,1.0,198.0,4,0.9434140559530997
Save Our Marine Life (Australia),0.36229293717809036,4.0,8162.0,76,0.6886963989297532
MEAA,0.9399537418532188,1.0,8176.0,48,0.48830794073992184
Koffels Solicitors and Barristers,0.1678382747458408,17.0,212719.0,62,0.21718070040322232
KindiCare Pty Ltd,0.9747487241094722,4.0,8648.0,4,0.9359499494281831
You Belong Australia,0.005801174730159639,63.0,5458.0,84,0.017283038088176057
Save Lee Point,0.9479211180501977,1.0,198.0,4,0.7695966348446559
SBS Sinhala,0.38314796116894223,2.0,199.0,2,0.38314796116894223
SBS Gujarati,0.38314796116894223,1.0,49.5,1,0.3831479611689423
World Transformation Movement,0.20817822228066135,22.0,73123.0,254,0.2798858277257178
United Firefighters Union - Aviation Branch,0.6420076974345492,19.0,2639.5,21,0.5545896323373843
National Secular Lobby,0.7863193170463957,1.0,445.5,9,0.8378090394045435
Democracy in Colour,0.6774700106789568,1.0,1395.0,10,0.4366351375488216
BPH ENERGY LTD,0.31216021105735053,6.0,60929.5,241,0.4050161799062838
Senator Nick McKim,0.06024145365728595,1.0,11397.5,5,0.11381251169133702
SBS Korean,0.38314796116894223,2.0,1043.5,13,0.3831479611689423
Rebus Theatre Inc,0.6015550752159295,10.0,2229.5,41,0.5295512952366829
Greenfleet,0.40025927320524585,128.0,70065.0,870,0.29375177243974515
Dirk Kelly,0.5016736681795856,3.0,148.5,3,0.5016736681795856
SBS Maltese,0.38314796116894223,1.0,49.5,1,0.3831479611689423
ActionAid Australia,0.15006830723774395,12.0,72529.0,742,0.21457026311268576
Christian Medical and Dental Fellowship of Australia,0.3152504683412354,4.0,11922.5,55,0.2836647599635651
Australian Research Council Centre of Excellence in Exciton Science,0.012074864270293362,1.0,448.5,3,0.3082732549990329
Campbell John Knox,0.776618242095946,1.0,247.5,5,0.753814383823902
South Coast Labour Council,0.27512137733348163,1.0,249.5,1,0.27512137733348163
WinZero Inc,0.03192755184606766,2.0,595.0,10,0.12516989916726587
Enova Community Energy,6.148851937615163e-07,1.0,2047.5,5,0.017519638708677426
Matthew Allan Kerle,0.9074476501397281,1.0,49.5,1,0.9074476501397281
SBS Spanish / Australia en español,0.43458915313806445,4.0,198.0,4,0.43458915313806445
Palmerbet,0.67994207440286,7.0,25846.5,7,0.6830799348341772
Energy Assist Group Pvt Ltd (T/A Solar 4 You),1.2516636688775229e-05,1.0,149.5,1,1.2516636688775229e-05
Australian Manufacturing Workers Union WA,0.37712323981133516,4.0,598.0,4,0.3612532783908175
Au Against SSM,0.23011194133197144,2.0,347.5,5,0.3549552472239101
Territory Rivers,0.2509490099901593,2.0,2735.5,29,0.4869978071998344
Zoe Victoria Jenkins,0.027603381490991508,1.0,7747.5,5,0.21508587920935895
Greenpeace Australia Pacific,0.09348912381489918,609.0,1556769.5,9661,0.11827781647254951
Jill Hennessy MP,0.4382943494951682,2.0,7141.5,17,0.43829434949516827
SBS Radio Burmese,0.2883795999876585,1.0,49.5,1,0.2883795999876585
Senator Sarah Hanson-Young,0.5437258094856434,2.0,399.0,2,0.5437258094856433
Women's Health NSW,0.6785255630127242,3.0,348.5,3,0.6789901943162794
Barnardos Australia,0.08010969648234417,26.0,61754.0,92,0.20415799465320358
Mary-Anne Thomas MP,0.4071815083196191,1.0,2037.5,25,0.5763167014734529
Western Rivers Alliance,0.042953813390881224,1.0,3084.0,32,0.3755980954428722
SBS Kurdish,0.5195499538008548,2.0,148.5,3,0.4606019599645671
Anita Dow MP,0.9643022517827126,1.0,1237.5,25,0.5470873812553285
Gender Awareness Australia,0.016692782471380063,3.0,101195.5,209,0.21123344022437007
Grok Ventures,0.10373307158091685,4.0,119996.5,7,0.12192550630343259
Matthew Robert Hooper,9.534912878050861e-05,1.0,49.5,1,9.534912878050861e-05
Invasive Species Council,0.18975240230992738,123.0,97021.0,758,0.33204649427349076
Lock The Gate Alliance,0.6662441009847504,2.0,8013.5,73,0.6295584551352906
Double It For Nature,0.04505165507486464,1.0,3986.0,28,0.1900631807026147
Emily Hamilton MLA,0.011186487744027862,1.0,942.5,15,0.3301573440459903
Institute of Public Affairs,0.31879479343053263,11.0,27492.5,115,0.4828341581290631
CS Energy,0.04543124704689436,8.0,3366.0,68,0.05002393232979509
"Rail, Tram and Bus Union (RTBU)",0.8342059753304228,3.0,1047.5,5,0.7567918886425435
SBS Cantonese 廣東話節目,0.2974058135149914,4.0,19054.5,191,0.31832484355396173
Make a Change Australia,0.5219653635726355,2.0,299.0,2,0.5219653635726355
SBS Swahili,0.38314796116894223,1.0,99.0,2,0.3831479611689423
Daniel D O'Brien,0.9990360845168877,1.0,695.0,10,0.7183201054749643
Australian Education Union Federal Branch,0.9912936542424418,64.0,19318.0,64,0.990022856838278
Environmental Defenders Office,0.0613667898175377,3.0,35859.0,282,0.10900934331436847
Sustainable Population Australia,0.4548458387822788,4.0,4591.0,18,0.49537607588798854
Dylan P K Styles,0.3550160954772089,4.0,198.0,4,0.35501609547720897
Zero Co,0.011174267801749016,6.0,31715.5,69,0.12284851110367738
WWF-Australia,0.15178218112559244,8.0,165759.5,181,0.4000208041165917
Senator Linda Reynolds,0.056136475770947936,2.0,1946.5,7,0.5263894669945487
Green Shirts Movement QLD,0.855251416063871,3.0,3148.5,3,0.8007085534450216
Canberra Declaration,0.9175762392608369,9.0,545.5,9,0.9326859789648441
Environmental Justice Australia,0.6267058159723728,4.0,4919.5,61,0.52409608784326
Peter James Hood,0.6703665585450517,27.0,21798.0,404,0.5910276220566858
Australian Monarchist League,0.975057330653169,1.0,2641.5,17,0.6436777514311872
Julian Mark Carbone,0.15796058352492465,2.0,940.5,19,0.3802136805764041
NSW Parliament,0.7478418254017093,11.0,4757.0,86,0.6266561282268212
Jason Hunt MP,0.3960852403851137,1.0,1337.5,25,0.20427268269564583
Australian Democracy Network,0.956922255880785,26.0,6581.0,38,0.9470030218598072
SBS Persian,0.3294341276587703,3.0,1042.5,15,0.3821631814601313
Australian Taxpayers' Alliance,0.08027093805975205,2.0,99.0,2,0.08027093805975205
Roger Cook,0.38314796116894223,1.0,643.5,13,0.2878720091570098
Madman Films,0.4669961977275236,9.0,3033.5,33,0.5574794757400379
Matthew D Bach,0.394631087810315,2.0,6937.5,25,0.3278613311675293
SDA Union ,0.8831747165805599,1.0,849.5,1,0.8831747165805599
SBS Portuguese,0.38314796116894223,2.0,199.0,2,0.38314796116894223
Greener,0.5066139423785481,24.0,1188.0,24,0.5066139423785482
Meaghan Scanlon - Member for Gaven,0.9840346833530108,1.0,3123.5,53,0.4529716954083223
DrinkWise,0.07764941828818006,3.0,2548.5,3,0.07764941828818006
Greening Australia,0.6429098446819457,2.0,30567.0,266,0.2801275814686448
Cathrine M Burnett-Wake,0.3847439168558294,2.0,1997.0,6,0.39243781764737956
Joshua P Sinclair,0.9847430153303359,1.0,14480.0,40,0.5840984706361564
Beyond Zero Emissions,0.8771892000308327,12.0,21783.5,33,0.734072296055108
Eco Electric Solutions Pty Ltd,0.0005211811325157578,5.0,742.5,15,0.028226799885249603
Moreton Bay Regional Council,0.40692271922123596,5.0,1642.5,15,0.10374085403271883
Lisa Maree Taggart,0.0007833432151713726,1.0,1498.0,4,0.3799622016600068
White Ribbon Australia,0.3752315285343866,3.0,6392.0,16,0.044496780876580315
Betfair PTY LTD,0.6457708369068675,18.0,4340.5,19,0.6760692689534156
indigo foundation,0.03182390432141826,5.0,1439.5,21,0.16822590950557234
The Body Shop Australia,0.13988504240122598,7.0,33239.5,21,0.1724213893703985
Nature Conservation Society of South Australia,0.2628374774746248,1.0,2437.5,25,0.27101999921866093
Matt Lachlan,0.7712883775582604,2.0,544.5,11,0.5527667333171981
Senator Hollie Hughes,0.4515866717098973,5.0,2446.5,7,0.47894843008812643
Senator Matthew Canavan,0.322224972748115,6.0,16346.5,7,0.18607941744484063
SBS Japanese,0.38314796116894223,4.0,346.5,7,0.3831479611689423
Elizabeth Lee MLA,0.6916747776134515,2.0,696.0,8,0.704925155100669
Sam O'Connor MP,0.004566009500911017,1.0,6237.5,25,0.3538501455038931
Victorian Equal Opportunity and Human Rights Commission,0.08627576107784862,1.0,1692.0,16,0.4611305535929912
Centacare,0.008176200041080772,1.0,198.0,4,0.3456446237723694
Specialized Solar & Electrical,0.0017839306810345347,27.0,10179.5,141,0.02185474223142906
Jamie Parker MP,0.014183604195703858,1.0,148.5,3,0.2481919100269378
The University of Sydney,0.11715919366639609,46.0,2972.0,56,0.09956564357674498
Lateral Events,0.2742282585775414,9.0,1987.0,26,0.4201336964905873
Mick de Brenni,0.6963436199729252,4.0,1338.5,23,0.7485649051900836
The Executive Council of Australian Jewry (ECAJ),0.9999999532190823,2.0,546.5,7,0.3784890906261069
Your Toolkit,0.126948983730821,9.0,8777.0,46,0.22331118752742804
New Israel Fund Australia,0.6940791505846439,4.0,3419.5,61,0.46617651965892004
SYDNEY JEWISH MUSEUM,0.03601537735026128,3.0,1831.5,37,0.02749317777586016
LGBTQ Domestic Violence Awareness Foundation,0.2085925545534279,4.0,3692.0,16,0.19314798692040067
Refugee Action Collective (Victoria),0.2988355505040116,3.0,742.5,15,0.4996555374537968
SBS Indonesian,0.430576214910114,4.0,198.0,4,0.430576214910114
SBS Bangla,0.38314796116894223,4.0,198.0,4,0.3831479611689423
Thrive By Five,0.670352592660478,12.0,612850.0,1100,0.7274140739994989
Noongar Mia Mia,0.38314796116894223,2.0,99.0,2,0.3831479611689423
Drug Policy Australia,0.017598514125324538,2.0,1542.5,15,0.013654993859967508
SBS Amharic,0.38314796116894223,1.0,49.5,1,0.3831479611689423
SBS Turkish,0.38314796116894223,1.0,698.0,4,0.3800050294357681
SBS Hmong,0.38314796116894223,1.0,49.5,1,0.3831479611689423
Australian Workers' Union - NSW Branch,0.911851692254307,2.0,1685.0,30,0.4205860657661786
Rosie Sahanna MLC,0.01823452283659588,1.0,544.5,11,0.08820968704083834
Ben Carroll MP,0.00406005857337588,1.0,3282.0,36,0.426349397420091
Minus18,0.18499583038671963,4.0,6366.0,68,0.2982976458057444
Go Gentle Australia,0.16965974424403626,3.0,15187.0,26,0.24547055270611176
Independent Schools Victoria,0.06652989767568285,1.0,445.5,9,0.25875342832522796
Planet Ark Environmental Foundation,0.2979225979198751,1.0,599.0,2,0.3469448702227143
Kurt Spencer Rehbein,0.16734961566888895,1.0,49.5,1,0.16734961566888895
FamilyVoice Australia,0.5408750935894115,9.0,2377.0,46,0.49367556322763023
BREAZE Inc.,0.999441801793798,1.0,199.0,2,0.2522070661773617
Senator Gerard Rennick,0.6703642391977376,1.0,898.0,4,0.8200140216957222
Rajat Chopra,0.8483204822585246,1.0,297.0,6,0.5327388939503066
Respect Victoria,0.38314796116894223,1.0,98874.0,52,0.35261604896949433
The Royal Society of Victoria,0.0004318178207892709,1.0,149.5,1,0.0004318178207892709
Louise Marie Elliot,0.44919625789962103,4.0,5080.0,40,0.3257457511055516
David Andrew Fulton,0.9999705171904953,2.0,247.5,5,0.41276792326055356
Windermere Child & Family Services,0.14245409439921541,1.0,346.5,7,0.15369621549158197
SBS Pashto Radio / اس بي اس پښتو راډيو,0.38314796116894223,5.0,396.0,8,0.3831479611689422
Bernie Finn MP,0.24173880651217639,1.0,846.5,7,0.32375138575817586
Online Hate Prevention Institute,4.476378148121629e-05,1.0,796.0,8,0.10084578902348645
Livingston Chettipally,0.38314796116894223,1.0,49.5,1,0.3831479611689423
Ramasamy Mohan,0.14775713388771494,1.0,198.0,4,0.22934140422095323
Wayside Chapel,0.2929521235761896,3.0,88181.0,238,0.3351978727430902
David Carl Janetzki,0.11822234610190907,1.0,1042.5,15,0.6524053686911632
Brian Christopher Ogallagher,0.6304021474201322,2.0,891.0,18,0.36227854221423866
Back Beetaloo,0.37024324397551217,2.0,8495.0,10,0.49484520121424797
Simon Behrakis,0.9116097113473988,1.0,2083.0,34,0.5269144811382468
Australian Tamil Congress,0.5847334646084945,1.0,148.5,3,0.4525419201210796
Jennifer Lorraine Hill,0.22511884367099733,1.0,148.5,3,0.12201255179298823
Simone McGurk MLA,0.010091695030024495,1.0,199.0,2,0.2964520055829215
Servants Community Housing Limited,0.156890562344426,1.0,396.0,8,0.250687245319857
Fathima Zainab Farouk,0.008048404277583576,3.0,198.0,4,0.008048404277583576
SBS Somali,0.38314796116894223,1.0,647.5,5,0.36108118457098726
Alex Antic,0.7039165245910148,1.0,16339.5,21,0.8878677830499958
Emergency Action Alliance Limited,0.0820714947278588,2.0,24136.0,128,0.1712942945229152
Love + Money,0.3831479611689422,3.0,1491.0,18,0.3399673384592398
RPP (Radio Port Phillip),0.3337391719835364,4.0,1782.0,36,0.4640917150648469
Chronic Pain Australia,0.024077067262683577,46.0,3124.5,51,0.04388050411053983
Parachute Digital,0.4019343284720911,9.0,3668.0,64,0.25629545663974923
"Hong Kong Economic and Trade Office, Sydney",0.6966547522556833,1.0,891.0,18,0.4314777976838001
Socialist Alternative - Red Flag,0.48391606203418724,1.0,495.0,10,0.4993337528811346
Sreeni Pillamarri,0.15383535614900634,1.0,1248.5,3,0.13658355970995387
SBS Mongolian,0.38314796116894223,1.0,49.5,1,0.3831479611689423
NSWALRA Inc,0.8961296631401119,2.0,198.0,4,0.44809040911882725
Safe Relationships and Communities Research Group,0.0008200965474646216,1.0,297.0,6,0.0008200965474646216
SBS Assyrian,0.38314796116894223,1.0,49.5,1,0.3831479611689423
Terrence Gordon Aulich,0.7435600230644457,1.0,396.0,8,0.44760426086874705
The Being Group,0.1490038845446673,1.0,49.5,1,0.1490038845446673
Future Super,0.006898140941775099,1.0,402754.0,292,0.5077329337912345
School for Life Foundation,0.5321616402161345,16.0,27878.5,343,0.2856000379915858
MSI Asia Pacific,0.28047375295497246,1.0,4495.0,10,0.2959439579732551
Destiny Rescue,0.8306611350382695,13.0,201487.0,326,0.8098788295039195
WorkSafe Victoria,0.45484997137053185,12.0,53658.5,83,0.35683495304865637
Free To Shine,0.4925383005754803,1.0,2747.5,5,0.4573176594887795
Monash University,0.4650321741157124,4.0,217402.0,96,0.33913714169806447
Skin Health Institute,0.5455571990586988,1.0,1343.5,13,0.47258274731980526
Victorian Electoral Commission,,,290254.0,192,0.6124874181720306
Our Watch,,,276536.0,28,0.3437955017511452
"Indigenous Law Centre, UNSW",,,187144.0,12,0.295269011076075
The Chamber of Minerals and Energy of Western Australia,,,167925.5,149,0.24143230138882096
World Animal Protection Australia,,,150446.0,408,0.08089007089393631
NSW Electoral Commission,,,145454.0,92,0.47995131982171363
UNICEF with Facebook Ad Credits,,,140589.5,21,0.37201622018923797
Great Barrier Reef Foundation,,,131101.0,98,0.12050942999531437
Glencore Australia,,,118642.0,16,0.11474747022492852
Ben & Jerry's,,,111386.5,27,0.5315169329507544
Tindo Solar,,,107529.0,42,0.021171143167166992
ETU - The Electrical Trades Union,,,94591.5,17,0.6600397806322098
Australian Education Union Victorian Branch,,,85261.0,178,0.6989267627509232
REA Group,,,82480.5,39,0.39476423035711616
Crime Stoppers Australia,,,73244.5,11,0.13525753343574062
Cancer Council Australia ,,,72190.0,20,0.9489493351787562
IAG,,,67192.0,16,0.39581690289407734
The Clean Energy Council,,,62905.0,190,0.21409681596342847
Electoral Commission of South Australia ,,,61419.0,62,0.7051322599249847
UN Women Australia,,,57542.0,516,0.36544125153363693
TWU Members First Team,,,57129.5,141,0.8597981898794442
Canva,,,53288.0,24,0.2837631940243779
Prime Super,,,50798.0,604,0.297030551814508
Coca-Cola South Pacific,,,48048.0,4,0.031075460695116807
Reason Victoria,,,46879.5,41,0.5514259171846114
Minderoo Foundation,,,44286.0,28,0.4502638761238628
Fire Brigade Employees Union,,,44277.0,46,0.4007035518957103
Rebecca M Thistleton,,,43839.0,722,0.46710933956100714
Kia Australia,,,41245.5,9,0.011964945790345793
Cape York Institute,,,41171.5,157,0.6507501304238252
Festival of Dangerous Ideas,,,39235.0,730,0.0030061520218005494
Ambulance Employees Association,,,38398.5,3,0.6723649265761863
National Recovery and Resilience Agency,,,37289.0,22,0.1999050578143199
Victorian Forest Alliance,,,37245.0,110,0.8390903598347127
Save Class Actions Australia Limited,,,36081.0,38,0.71171083362103
Legalise Vaping Australia,,,35941.5,17,0.5863495316894832
350.org Australia,,,35524.0,152,0.7675296726119466
Monash IVF Group,,,34342.0,16,0.7666439753005966
Rainforest 4 Foundation Ltd,,,33061.0,78,0.07356025664186534
National Party of Australia - Victoria,,,32716.5,67,0.5217685280590446
United Firefighters Union - Victorian Branch,,,32528.5,43,0.56406798752182
VACCA - Victorian Aboriginal Child Care Agency,,,31613.5,73,0.3040524377362935
Verve Super,,,31108.5,83,0.1746887385951596
Hawthorn Independents,,,30489.0,22,0.7437230714226881
Sydney Opera House,,,30485.0,130,0.3511699205947841
Family First Party Australia Ltd,,,29444.0,12,0.5954371686152793
Conservative Political Action Network Ltd,,,29372.5,55,0.39840192456651474
Heliograf Pty Limited,,,29094.5,11,0.07718702543667898
National Retail Association,,,26491.5,317,0.05396574756068735
Kate Lardner,,,25360.0,80,0.9207484939050596
Go Neutral,,,24789.5,121,0.38385908294218535
RSPCA Victoria,,,24513.5,73,0.6367791827503821
Jodi Lee Foundation,,,24230.5,39,0.6075948529783364
Sophie Torney,,,22024.5,51,0.7413994437168033
Larissa Waters,,,21746.5,7,0.2122312774692491
Weleda Australa,,,21693.5,13,0.09364987812695591
Wesa Chau for Prahran,,,20743.0,314,0.3592801367145038
NATIONAL ZAKAT FOUNDATION INCORPORATED,,,20394.0,412,0.18988564825372756
Sam Hibbins,,,20163.0,74,0.6832947731697894
IWDA,,,19657.5,185,0.14370387842515078
Very Special Kids,,,18305.5,89,0.1462188874568861
Flinders University,,,18073.0,54,0.341759736853694
Impact X Pty Ltd,,,18033.5,233,0.3071781628416792
Queensland Government,,,17698.0,4,0.2741592130418878
Dirty Clean Food,,,17468.0,64,0.5214639341283718
Dr David Honey MLA,,,17344.0,112,0.5133071013333292
AndMine Pty Ltd,,,17293.5,13,0.6419796506002309
CBM Australia,,,17044.0,112,0.286083161434304
"Dr Rachel David, CEO, Private Healthcare Australia",,,16893.0,214,0.8117531528644704
UNICEF Australia,,,16884.0,32,0.04600382495655683
DocPlay,,,16714.5,71,0.3333406936255238
Polished Man,,,16547.0,6,0.25815913613018754
Genus Earth Pty Ltd,,,15721.5,257,0.22989456905152553
The Brewers Association of Australia,,,15191.5,17,0.3560101204174345
Australian Forest Products Association,,,14743.5,13,0.7812963253858961
Humpty Dumpty Foundation,,,14591.0,18,0.2233040913652982
Local Government Association of South Australia,,,14540.5,19,0.49249272571228053
ECSA,,,14241.5,17,0.2151377240404048
Australian Republic Movement,,,14196.0,8,0.4350007110728005
Senator Raff Ciccone,,,14090.5,19,0.33513230061364885
Reason Party NSW,,,14037.5,25,0.4405486457091296
Transport Matters Party,,,13978.0,44,0.7316593857466726
Queensland Resources Council,,,13888.5,23,0.8856270572287688
City of Adelaide,,,13741.5,17,0.5505755493418703
Kmart Australia,,,13498.5,3,0.38314796116894223
Equality Australia,,,13329.5,41,0.5453958502242907
Australian Childhood Foundation,,,13278.0,44,0.045895842729688344
Goods International Pty Ltd,,,12674.0,252,0.916803145263044
Women's Forum Australia,,,12625.5,49,0.10861106473561387
The Hospital Research Foundation Group,,,12592.0,16,0.23078237045051933
Gabrielle Williams MP,,,12573.0,54,0.49292018430650625
Annastacia Palaszczuk MP,,,12571.0,58,0.39992590710509834
Australian Citizens Party,,,12392.0,16,0.9645869476294298
Jason S Mc Clintock,,,12254.0,92,0.4006038585304427
IJM Australia with Facebook ad credits,,,11995.0,10,0.14010060004591807
Kew Independents,,,11891.0,18,0.9573784098212276
Mike Williams,,,11672.0,56,0.42518685214159324
Senator Claire Chandler,,,11641.5,17,0.49959594753398695
Comms Declare Inc,,,11304.0,192,0.3740079761463531
SDA Union. South Australia & Northern Territory.,,,11283.0,34,0.5665423583235711
Michaela Settle,,,10954.0,92,0.45551274887893806
Australian Nursing & Midwifery Federation,,,10747.0,6,0.773921507467602
"The Hon. Michael O'Brien MP, Member for Malvern",,,10572.0,56,0.473041902606802
Unions NSW,,,10483.0,34,0.18749896040391378
Catholic Health Australia,,,10440.5,19,0.954831456521683
CHOICE,,,10403.5,93,0.5905580142385705
UNICEF,,,10160.0,80,0.33054442844368054
Real Change SA,,,9981.0,38,0.5755116070898769
Steve Irons MP,,,9941.5,17,0.2940122877298518
Coalition Against Duck Shooting,,,9895.0,10,0.2025952575698915
Andrew Lovitt,,,9744.5,11,0.3810723010787619
Roma Britnell MP,,,9728.0,144,0.45471082469774404
Autism Spectrum Australia (Aspect),,,9640.0,20,0.17573506067754768
Nicolle Flint Member for Boothby,,,9594.0,12,0.6028791920698412
headspace National Youth Mental Health Foundation,,,9192.0,16,0.30253653053660856
Carolyn Power MP,,,8970.0,60,0.3638939027726751
Sparkways,,,8952.0,96,0.1538834617422774
ACCIONA Australia,,,8809.5,81,0.34542176642497247
Brad Rowswell MP - Member for Sandringham,,,8766.0,68,0.4173213899920668
Munhemul Karim Khan,,,8365.5,169,0.5552053377135439
Seton Villa,,,8277.0,46,0.33061773384318094
Kua,,,8127.0,146,0.2488977630897248
Construction Forestry Mining Maritime and Energy Union,,,8032.5,35,0.9417367289626696
Greg Hunt MP,,,7980.0,40,0.3964544458680982
Class Actions Australia,,,7930.5,39,0.9184905913728563
Jeremy Rockliff ,,,7919.5,61,0.36836251516775165
City of Sydney,,,7786.0,28,0.26429570886033293
Minh Bao Nguyen,,,7750.0,100,0.9254009237983181
Lord Mayor Adrian Schrinner,,,7743.5,13,0.44006230827697446
Timothy J Quilty,,,7537.5,25,0.5266594444735903
NSW Mining,,,7499.0,2,0.2523754795211571
Stand4Uyghurs,,,7474.5,151,0.2117258027642321
NSW National Party,,,7441.5,17,0.7265597709224935
Ashlan Rose Waldock,,,7277.5,145,0.6212023256609424
Leader of the Opposition,,,7185.0,30,0.3650445193980744
WeMoney Pty Ltd,,,7145.5,9,0.49865084773108304
Bridging the Gap Foundation,,,7085.0,30,0.03211601102140088
Catherine Hamlin Fistula Foundation,,,6891.0,18,0.06163961213423394
Victorian Chamber of Commerce and Industry,,,6828.5,43,0.3188702439458179
Yasmin Catley MP,,,6798.0,4,0.5671132222407166
United Nations with Facebook Ad Credits,,,6698.0,4,0.8532916995830386
Health Studies Australia,,,6640.5,19,0.9750242402367654
Felicity Frederico - State Election Candidate,,,6637.5,25,0.8380016682087447
Dan Purdie MP,,,6469.0,62,0.3422588126003162
Matt Fregon MP,,,6417.5,65,0.6028471846941075
Winsen Loren,,,6397.0,6,0.2602381848060479
Daniela De Martino,,,6285.0,30,0.6179107880628826
Clover Moore Independent Team,,,6183.0,34,0.9305853788205538
Victorian Forest Products Association,,,6144.5,11,0.1985886046606969
Voice of Caulfield,,,6128.5,43,0.8795267313309292
Nina Taylor,,,6043.5,13,0.39872995439471237
The Water Conservancy,,,5943.5,13,0.1583595561253788
Mornington Peninsula Shire,,,5788.0,24,0.599814636020487
TasWater,,,5698.0,4,0.16467056138158429
Luba Grigorovitch ALP Candidate for Kororoit,,,5661.0,78,0.6445671371543213
Ellen Sandell MP,,,5619.5,61,0.4343881936263895
WLTH,,,5593.0,14,0.5985440255862052
Catholic Mission,,,5499.5,1,0.17152947097155158
Bernard Anthony Purcell,,,5410.5,79,0.8387498726426351
Democrats Abroad,,,5357.0,86,0.7392593179742427
Catholic Education Tasmania,,,5318.5,63,0.4932324556489837
polipedia.com.au,,,5309.5,81,0.9706796577517325
Arcstream,,,5302.5,95,0.15538589109899914
Tien D Kieu,,,5291.0,18,0.3514407940043743
Australian Federation of Islamic Councils,,,5247.0,106,0.3364512188362393
Say No To Scarborough Gas,,,5146.5,7,0.14247731487910725
Gillian M Aldridge,,,5132.5,35,0.7305974758446226
Bigfoot Fundraising,,,5097.0,6,0.5149379714572623
Market Forces,,,5075.0,50,0.5972297156561552
Tim Pallas MP,,,5039.5,21,0.1978774389216153
Conservation Council of Western Australia (CCWA),,,4987.0,26,0.05641213247327151
Good Neighbours Australia,,,4846.5,7,0.1067526094462406
Human Rights Law Alliance,,,4796.0,8,0.5945840793665212
Cape York Institute ,,,4786.0,28,0.572046036398691
Zest,,,4748.5,3,0.5641139220701095
Local Government Association of Tasmania,,,4747.5,5,0.23655152144871283
Lucas M Moon,,,4734.5,31,0.7057942679042821
Victor Chang Cardiac Research Institute,,,4733.5,33,0.1942504927152437
Wildlife Victoria,,,4593.0,14,0.006767544262718129
GetUp,,,4543.5,13,0.41816998670547073
James Benjamin Kingsley Newbury,,,4542.5,15,0.4891360910401389
Jacqui Hawkins,,,4533.5,33,0.8738558724139002
Radian Energy,,,4511.5,77,0.28090061041773595
Nathan Lambert,,,4499.0,2,0.5611340804045544
Cultural Perspectives,,,4415.5,69,0.5131895953329728
Regional Roads Victoria,,,4399.0,2,0.04786476088418842
Change Politics,,,4348.5,3,0.5831151692731791
Lucy Skelton,,,4345.5,9,0.9835570882685214
Melbourne Water,,,4345.5,9,0.09620319079430524
Chad Robert Cambell Buchanan,,,4260.0,80,0.5572710227757848
NGS Super,,,4193.0,14,0.21695088986131922
Mark Swivel Team,,,4178.0,44,0.9581767153448779
Cancer Council NSW,,,4098.0,4,0.031922530368897806
ACF Community Geelong,,,4074.0,52,0.14719390249658462
Toowoomba Regional Council,,,4045.5,9,0.32073315137989156
Demi E Mcdonald,,,4043.5,13,0.6316352784853566
Caritas Australia ,,,4040.5,19,0.8205174148263343
Fortescue Future Industries Pty Ltd,,,3997.0,6,0.5429002378311153
Jane Lomax-Smith,,,3969.0,62,0.4697737792678138
Centre for Women’s Economic Safety,,,3943.5,13,0.24811680277076212
AST Management,,,3896.0,8,0.38042989998724197
Sam Duluk MP,,,3871.0,58,0.598614875290038
Georgina Dragwidge,,,3796.0,8,0.8226833794500339
Assistance Dogs Australia,,,3794.0,12,0.9994994539586459
Martha Haylett,,,3776.0,48,0.5818807645797348
Brisbane City Council,,,3691.0,18,0.28515123463755476
Shoalhaven Independents ,,,3687.0,26,0.6279605299550398
Lauren Kathage,,,3679.0,42,0.5872211370014142
Daniel Roy Cregan,,,3626.5,47,0.5287061669288871
John-Paul Marx,,,3621.5,57,0.868346784454246
Nathan Matthew Hagarty,,,3596.0,8,0.37172308676612903
Ken O'Dowd MP,,,3592.0,16,0.7145309215883181
The Urban Developer,,,3542.5,15,0.7320387753190313
CotaSA,,,3446.5,7,0.9408093099930288
William Allan Tyrell,,,3444.5,11,0.5925200147340787
Louise Anne Bloomfield,,,3428.5,43,0.3269048618237905
UNSW Sydney,,,3392.0,16,0.21549002640153295
IDEA Academy ,,,3391.0,18,0.6604646432884261
Berry Street,,,3383.0,34,0.2168700659929613
Barry O'Rourke MP,,,3324.5,51,0.21657012954291358
Louise Pratt,,,3296.0,8,0.9082060344496009
DPV Health,,,3295.0,10,0.10751202284009351
Andrew Wines,,,3269.0,62,0.26847020505124547
Leanne Linard MP,,,3226.5,47,0.4406724103395939
Australian Renewable Energy Agency,,,3218.5,63,0.12744290167669586
James Merlino,,,3195.0,10,0.400986189712156
Legalise Cannabis NSW Incorporated,,,3193.0,14,0.5295682031533391
Dept of Communities and Justice NSW - stronger together,,,3191.0,18,0.24221131902793294
One Girl ,,,3170.0,60,0.152833901879316
Anglican Aid,,,3168.0,64,0.429476505077804
The West Australian Party,,,3148.5,3,0.4214943380542399
Chartered Accountants Australia and New Zealand,,,3046.5,7,0.7365254868509429
Jananie Janarthana,,,2995.0,10,0.8295273838261616
Women NSW,,,2981.0,38,0.10189281040634336
Benjamin  Denis Roberts Yates,,,2970.0,60,0.3604237539318242
Senator Paul Scarr,,,2945.5,9,0.6178458643071543
Shaun Leane MP,,,2940.5,19,0.17502374266204226
Steven Miles,,,2896.0,8,0.566929596202367
Vicki Howard,,,2893.0,14,0.3581000761359942
"Shop, Distributive and Allied Employees' Association, South Australian Branch",,,2886.0,28,0.44267594722601805
Jane Kelsbie MLA,,,2880.0,40,0.3177844369056427
Jilly Gibson,,,2871.0,58,0.6591681475358778
10 Sport,,,2848.5,3,0.4160046425092015
Hudson Global Resources (Aust) Pty Limited,,,2847.5,5,0.9885516785725365
Ross Fowler,,,2844.5,11,0.6895782653619141
Natalie May Hissey,,,2843.5,13,0.8789925682497307
Brent Menzies Fleeton,,,2833.5,33,0.2157743201807552
Gregory Brown,,,2829.5,41,0.552319074197734
Democrats Abroad Australia,,,2825.5,49,0.9717777774529344
Water Corporation,,,2798.0,4,0.4829903083276119
Mark Paul Michael Turner,,,2782.0,36,0.22167428641380987
Geoffrey J Russell,,,2749.5,1,0.659911831917477
Michael J Mc Cluskey,,,2746.5,7,0.7841734500164272
Fraser John Miller,,,2743.5,13,0.18217367204470533
Better BeCause,,,2694.0,12,0.49043937608588034
Chris Minns MP,,,2643.5,13,0.6401065215261493
Ali Cupper's Election Campaign,,,2643.5,13,0.7779427087255572
Linda Scott,,,2642.5,15,0.8581534274482203
Enver Erdogan,,,2599.0,2,0.5197068386343437
The Seabin Project,,,2589.0,22,0.24912208214590775
Michael Janusz Dudek,,,2586.0,28,0.4454307655927877
Democratic Labour Party,,,2584.0,32,0.6461448860441532
David Gonzalez,,,2580.0,40,0.23825256292060357
Moira Therese Were,,,2574.0,52,0.6256080675164891
Jimmy Sullivan MP,,,2574.0,52,0.2701631895017332
Queensland Advocacy for Inclusion,,,2548.5,3,0.7454256508037103
ReasonVictoria,,,2546.5,7,0.6280583819629769
Kooyong Independents,,,2545.5,9,0.9884275832385175
Brett Milton Treby,,,2539.5,21,0.3206114133643547
Environment Centre NT,,,2536.5,27,0.17572435771378944
Clinton de Young,,,2534.5,31,0.7753962240960047
David Nickson,,,2498.0,4,0.13359460173916496
Museum of Australian Democracy at Old Parliament House,,,2497.0,6,0.07917075061013162
Refugee Council of Australia (RCOA),,,2496.0,8,0.6803376968814232
Dan Andrews Unmasked,,,2495.0,10,0.18496378199052868
Gregory Brian Sword,,,2494.0,12,0.6001925379280116
SA-BEST,,,2485.0,30,0.5980952847729387
Michael Brown MP,,,2476.0,48,0.4579665463238812
Fansdonate.com Pty Ltd.,,,2475.0,50,0.27592996469684095
Christine Couzens MP,,,2443.5,13,0.5564965051982519
Rationalist Society of Australia Inc,,,2438.5,23,0.6374945095569432
Wilson Tucker MLC,,,2434.5,31,0.3936824823272854
Julieanne Gilbert MP,,,2428.5,43,0.5769356486925582
Sam Groves,,,2425.5,49,0.42542977436923674
Benjamin John Dudman,,,2387.0,26,0.7548503164968164
Whitsunday Regional Council,,,2386.0,28,0.09222336931785556
Gemma Nichole Jenkin,,,2385.0,30,0.5357296809147396
Jodie Hanns MLA,,,2376.0,48,0.28782064007630975
Rajvir Singh Sagoo,,,2345.5,9,0.47444085005381964
GreenCollar,,,2343.5,13,0.3020413562701056
Groundswell Giving,,,2296.0,8,0.8974524878990158
Justin Li,,,2293.0,14,0.5202655801747359
Alan Harris,,,2290.0,20,0.3070043554597741
Grata Fund,,,2249.5,1,0.9983159813041032
John Anderson Conversations Pty Ltd ,,,2248.5,3,0.4401181311313275
Study Gold Coast,,,2245.5,9,0.07083868142630609
Samantha McIntosh,,,2244.5,11,0.6826885896748396
Sonja Terpstra MP,,,2240.5,19,0.7800278528201081
David Utting,,,2239.5,21,0.01636569605862922
Paul Amos for Mayor,,,2228.5,43,0.6107148071791955
Ourschool,,,2227.5,45,0.42653957240520446
Preet K Singh,,,2197.0,6,0.29667696820722983
MS Australia ,,,2195.0,10,0.0927886532544366
Ananda Ranga Lalbahadur Sunkanpally,,,2185.0,30,0.8954769824391329
Linkedin Local Sunshine Coast,,,2184.0,32,0.0319882481539127
Thomas A Antonio,,,2181.0,38,0.5920956873850775
Christopher Phillip Jones,,,2179.0,42,0.48664940379162236
Kaspar Wilson Deane,,,2178.0,44,0.45630995788588474
Steven Phipps for a Zero-Carbon Hobart,,,2146.5,7,0.6911724879825922
Hon Vincent Tarzia MP - State Member for Hartley,,,2145.5,9,0.6717565547181695
Bushfire Survivors for Climate Action,,,2099.0,2,0.5206040403426948
A Modern Gay's Guide,,,2096.0,8,0.49218726171563776
Fiona Elizabeth Ziff,,,2094.0,12,0.5568937126787759
Nicholas Steven Smith,,,2094.0,12,0.7634703083175255
Thriving Planet at Avid Collective,,,2093.0,14,0.17057270087916843
Stephen P Holland,,,2092.0,16,0.6718698863274241
Powerpal,,,2091.0,18,0.17262236111726978
Edwin Charles Johnstone,,,2090.0,20,0.8519721004756037
HEATHER LYNN HOLMES-ROSS,,,2088.0,24,0.6906419587563986
The Vocal Minority,,,2086.0,28,0.3023517229705757
Michael Ray - Independent Candidate for Eureka ,,,2080.0,40,0.7263546549774079
Healthy North Coast,,,2046.5,7,0.1368943246107284
Hayley Edwards,,,2031.5,37,0.13604836120110989
Jack Boyd - Sutherland Shire Councillor,,,2029.5,41,0.7750025377389153
Dr Richard Harvey MP - State Member for Newland,,,1991.0,18,0.3567705191322696
Your Health Your Choice,,,1989.0,22,0.7744164007137532
Caitlin Mary Collins,,,1988.0,24,0.5176184823591032
Cairns Regional Council,,,1946.5,7,0.5394774868200225
Ros Spence MP,,,1941.5,17,0.7218942804323901
International Justice Mission Australia,,,1938.5,23,0.18423659659410324
Stacks Goudkamp,,,1933.5,33,0.6037637515812153
Michael Baden Lyon,,,1894.0,12,0.666945767025086
Sandy Verschoor,,,1889.0,22,0.7399370840737959
Steven Kelly,,,1886.0,28,0.3994592984684758
CFMEU Vic-Tas,,,1885.0,30,0.35304452119681873
Justice Reform Initiative ,,,1847.5,5,0.6629916131598935
Unions Tasmania,,,1842.5,15,0.3757709124369676
Jarrod Bleijie MP,,,1841.5,17,0.4982215848020339
James Martin MP,,,1840.5,19,0.2857651763168154
Support Lindfield,,,1839.5,21,0.4642359898754784
Rowdy Inc,,,1836.5,27,0.5656632654555886
Jay Suvaal,,,1835.5,29,0.9692609623864227
Chris Crabbe,,,1831.5,37,0.6631839036179449
Shwetali A Sawant,,,1798.0,4,0.8503680821371487
Steve Murray MP,,,1796.0,8,0.846306086904688
Family First Party SA,,,1790.0,20,0.6070167064123027
Australian Counselling Association,,,1789.0,22,0.12085326751625776
Michael Farnden,,,1782.0,36,0.433908608909596
Evripides Evripidou,,,1782.0,36,0.9311484668173386
CONVERSE,,,1749.5,1,0.38314796116894223
Dean A Rossiter,,,1749.5,1,0.3027434460788113
Bravehearts Foundation,,,1749.5,1,0.05209675686858983
University of Sydney,,,1749.5,1,0.0008141470576258358
Antenna Documentary Film Festival ,,,1741.5,17,0.35596509236017077
Stop Adani,,,1736.5,27,0.15321094228889318
International Justice Mission,,,1696.0,8,0.06210866046220205
Ali King,,,1694.0,12,0.4355955318618846
Balanced Bathurst,,,1693.0,14,0.5097098892284503
John Kelly,,,1688.0,24,0.693818438487377
Jayson Walmsley,,,1687.0,26,0.5223283598136919
Joshua Black,,,1683.0,34,0.511380726524776
David Scaife MLA,,,1683.0,34,0.3246728448519362
Donna Frances Reeman Davis,,,1683.0,34,0.15758231556276234
Ned Mannoun,,,1683.0,34,0.5276220684077879
United Services Union,,,1648.5,3,0.1091061524454107
Uniting,,,1645.5,9,0.4643802910469657
Timber Towns Victoria,,,1644.5,11,0.2822756633353717
University of Melbourne,,,1599.0,2,1.461639994191232e-05
Chris Gazenbeek - SDA Union Queensland,,,1598.0,4,0.6420678118695707
Group H Wagga Wagga City Council,,,1597.0,6,0.49864211204741365
Harrison Motoring Group,,,1597.0,6,0.5710038413626333
Waynita-Josh Manticas,,,1595.0,10,0.3016623015686136
John Alexander,,,1593.0,14,0.6240583822120876
Lord Mayor's Charitable Foundation,,,1589.0,22,0.8770673865349655
On Your Side,,,1588.0,24,0.7802235244615638
Simon Millman MLA,,,1585.0,30,0.4136528101549847
Charles Christopher Guy Hunter,,,1584.0,32,0.5963926016276151
Maurice Blackburn Lawyers,,,1548.5,3,0.07004926128862854
Gayle Tierney MP,,,1546.5,7,0.17496634853180543
Grace Grace MP,,,1536.5,27,0.26079764083639345
Sydney Sentinel News Satire,,,1536.5,27,0.4647494613832461
Great Plastic Rescue,,,1536.5,27,0.1891545245154523
Bradley R Hearn,,,1535.5,29,0.505073019141906
National Party of Australia (SA) Inc.,,,1535.5,29,0.661055931468653
UPC Renewables Australia,,,1495.0,10,0.2151886970139072
Luke Edmunds,,,1494.0,12,0.521515710956655
Our Living Outback,,,1494.0,12,0.1355130258672033
Queensland Teachers' Union,,,1494.0,12,0.3700243293980505
Anthony Cianflone,,,1492.0,16,0.7214423401677497
The National Retail Association,,,1492.0,16,0.10751481609649535
Lorna Dent,,,1491.0,18,0.5726278114101524
Anglican Youthworks,,,1448.5,3,0.7989751884916471
Rayan Jericho Calimlim,,,1448.5,3,0.5542238861046631
Family First Party Australia Pty Ltd,,,1448.5,3,0.8456385794086152
SDA Union Western Australia,,,1446.5,7,0.6270286569498358
Wendy Lovell MP,,,1445.5,9,0.51374022400963
Office of Senator Tony Sheldon,,,1443.5,13,0.561581273917859
CORENA - Citizens Own Renewable Energy Network Australia Inc.,,,1442.5,15,0.007012310674437584
Give Freedom International,,,1442.5,15,0.0024390474041769195
Jorden Mitchell Gunton,,,1438.5,23,0.4067633362045949
Candish Whaites Team,,,1399.0,2,0.5990915748247652
Police Association Of South Australia,,,1399.0,2,0.739252451160452
Milan Kapasi,,,1398.0,4,0.940544176167256
CERES,,,1398.0,4,0.4222444518303805
The Hunger Project Australia,,,1397.0,6,0.08998014530774379
United firefighters union,,,1395.0,10,0.6107585065554166
Xuan Vinh Nguyen,,,1393.0,14,0.7289211266360404
Glen F Jones,,,1393.0,14,6.722142202164605e-05
Michael Zaiter,,,1392.0,16,0.8659638124098364
Nature NSW,,,1390.0,20,0.12877811402003908
KORE Communication Strategy Research,,,1389.0,22,0.7779474858755314
Matt Mitchell,,,1388.0,24,0.5619603322432819
Epiphany Productions,,,1386.0,28,0.11223278546489285
Local Government Association of Queensland ,,,1347.5,5,0.24848327182835342
Arman Abrahimzadeh,,,1346.5,7,0.838035508341199
Belinda Wilson,,,1345.5,9,0.5162476155103796
Lazarus Community Centre,,,1345.5,9,0.5250329116237886
Fraser Ellis MP,,,1345.5,9,0.7345803380021951
Russell Graham Yaxley,,,1344.5,11,0.7498745848751346
Solar and Battery Services,,,1343.5,13,0.02389033062081881
Carlene Lydia Cardona,,,1342.5,15,0.7949962353519452
UNFPA,,,1338.5,23,0.10006914837348574
Linda Louise Campbell,,,1336.5,27,0.4068107499944035
James Spencer Owen,,,1298.0,4,0.28613657288633115
The Great Australian Rip Off,,,1298.0,4,0.8155385459221779
Jane Carmel Stagg,,,1296.0,8,0.697980361779421
Tom Smith MP,,,1288.0,24,0.4587116884284484
Jagdish Harish Lakhani,,,1287.0,26,0.49887841461173593
Sarah Simone Beresford,,,1287.0,26,0.46798539040755593
Ampol Australia,,,1249.5,1,0.0011717430806033047
Paul Hopper Independent for Werribee,,,1249.5,1,0.9954866944072401
City of Stirling,,,1248.5,3,0.9337272744906769
Adelaide Park Lands Association,,,1247.5,5,0.3752395742798347
James William Tiger Ardouin,,,1243.5,13,0.9370122639929991
Shooters Union of Australia,,,1197.0,6,0.424605324434552
Line Hydrogen (Australia) Pty Ltd,,,1197.0,6,0.0563201810030427
James Golding,,,1196.0,8,0.8299405130690598
Darren Natale ,,,1195.0,10,0.920557842802602
Amy Blitvich for Balga Ward,,,1193.0,14,0.6534988172084106
RE-ALLIANCE,,,1191.0,18,0.2319208548676649
Lucy Hood MP,,,1188.0,24,0.3113641460972393
The Locals (Group F),,,1188.0,24,0.3986374972230051
Dylan Wight,,,1147.5,5,0.31610523750069597
Affordable Housing Party,,,1147.5,5,0.9801961400129068
Felix Ellis,,,1147.5,5,0.44329255705882475
Whitlam Institute,,,1146.5,7,0.10869823759238906
Tegan Swan,,,1144.5,11,0.20814168304093153
Manningham Council,,,1143.5,13,0.602512833777083
Sabrin Farooqui,,,1142.5,15,0.5752122407955056
Matthew Eric Gould,,,1140.5,19,0.7099549835825447
Gamba Grass Roots,,,1140.5,19,0.6630121691309495
Public Schools First,,,1139.5,21,0.2572049277183708
John Gardner MP,,,1138.5,23,0.3180491131205007
Sian Francesca Russell-Henderson,,,1099.0,2,0.6789945341910855
City of Tea Tree Gully,,,1098.0,4,0.2705519121764388
Shaun Marshall Reardon,,,1097.0,6,0.5859816947783348
Compass.info,,,1097.0,6,0.09902198542510146
Children's Ground,,,1097.0,6,0.6602999459025883
Ola Hamed,,,1096.0,8,0.9425854084565753
Climate for Change,,,1096.0,8,0.830001596128441
Glenn Spear,,,1095.0,10,0.6986167683275462
Queensland Health,,,1094.0,12,0.2244627348003213
Jarad Moodie Murray,,,1094.0,12,0.30172981828405865
Belinda Valentine Team,,,1094.0,12,0.891841360081068
RSM Australia,,,1093.0,14,0.965790542323999
Michael William Banasik,,,1092.0,16,0.387935227579391
Jayamala Vijay Gupte,,,1090.0,20,0.7979696895232437
Rob Molhoek MP,,,1089.0,22,0.39724175067056683
Les Walker,,,1089.0,22,0.38529608553610023
Misty Norris,,,1089.0,22,0.45733961903560494
Borneo Orangutan Survival Australia,,,1048.5,3,0.00151764751154293
Jess Pugh MP,,,1047.5,5,0.06820526747283892
ICAN Australia,,,1047.5,5,0.8375758456668403
KU Children's Services,,,1047.5,5,0.5587417924800353
Explorewithtree Pty Ltd,,,1046.5,7,0.4346687037776389
Joseph Rahme,,,1046.5,7,0.34608417758381504
Energy Democracy,,,1045.5,9,0.6382840086394689
Stephen Matulec,,,1043.5,13,0.7911384433021048
The Dirt Company,,,1042.5,15,0.08008263810531778
Paula Luethen MP,,,1042.5,15,0.2642653914333804
Matthew Deeth,,,1041.5,17,0.45690396885227125
Councillor Zac Miles,,,1040.5,19,0.3053372526251783
Phillip Stone,,,1039.5,21,0.2766930394057237
Shouvojit Sarker,,,1039.5,21,0.6066864320049506
Laura Jane Cowell,,,1039.5,21,0.60109425418714
Professionals Australia,,,999.0,2,0.9741324683226306
Shane King MP,,,998.0,4,0.17301550475627692
Run Against Violence Inc,,,997.0,6,0.06088468527647126
Mike Dale,,,996.0,8,0.8782864240032792
Inclusion Melbourne,,,995.0,10,0.8855384586007782
National Sustainable Living Festival,,,993.0,14,0.1221976020252012
Hall Payne Lawyers,,,992.0,16,0.8670742480266957
Jayne Marion Stinson,,,991.0,18,0.6009701094495046
Damon Christipher Thomas,,,990.0,20,0.38949339283976026
Paul Green,,,990.0,20,0.7167085490261758
Allways Coffee,,,990.0,20,0.2638894941500568
Tim McCurdy MP,,,990.0,20,0.4835878151274523
Joe Kelly MP,,,990.0,20,0.25591632240541584
James Walker,,,949.5,1,0.5641139220701095
Parmeswaran Ramanan,,,948.5,3,0.9666308922635449
Ian Cook,,,948.5,3,0.9854983752366334
Committee for Greater Frankston,,,948.5,3,0.7950152311775629
Ben John Mitchell,,,948.5,3,0.213237450746794
Darren Randolph Rodrigo,,,948.5,3,0.9843487890454191
Kay Diane Fraser,,,948.5,3,0.7702169120463875
Australian Jewish Association ,,,948.5,3,0.11518363511144397
Rory Amon,,,947.5,5,0.20115281541514507
Fiona Cunningham,,,947.5,5,0.4927115739367675
COTA Queensland ,,,947.5,5,0.16676782160140305
BirdLife Australia,,,946.5,7,0.1861473860520682
Your Voice for Bellarine,,,945.5,9,0.6269315535892916
Port Macquarie Hastings Council,,,945.5,9,0.10590979562385146
City of Greater Geelong,,,944.5,11,0.040548027577937754
Bernadette Khoury,,,944.5,11,0.7170178170337999
Cate Coorey and Community Byron,,,943.5,13,0.5920754999045621
Luke William Munro,,,942.5,15,0.2866151345580498
Ly Sok Lim,,,942.5,15,0.9522376922045771
Sam Pande,,,942.5,15,0.0021400248927343573
Leah Folloni,,,941.5,17,0.3619524364255825
Christopher Ride,,,941.5,17,0.7071359854407475
CFMEU ACT,,,941.5,17,0.10305610547982715
David Hodgett MP,,,941.5,17,0.1881633399063827
Trevor John Watts,,,941.5,17,0.5780530485032906
Natalie Suleyman MP,,,940.5,19,0.3176535916726091
Jessica Lee Wheelock,,,899.0,2,0.5113903618100345
Gaetano Greco,,,899.0,2,0.4531607978207858
Council Reference Group,,,899.0,2,0.9612591500129847
University of Tasmania ,,,899.0,2,0.5274726771290205
University of Wollongong ,,,898.0,4,0.9387985142188343
YWCA Australia,,,898.0,4,0.05049974910660633
Daniel Thomas Myles,,,897.0,6,0.6317840409303684
Samuel Douglas Hay,,,896.0,8,0.30405562629823635
Western Australian Council of Social Service,,,896.0,8,0.4520866845989638
Benjamin John Wood,,,896.0,8,0.154105989061788
Wayne Anthony Johnston,,,896.0,8,0.7358286215493296
Timber NSW,,,895.0,10,0.4997979464818602
Lisa Maree Atwood,,,894.0,12,0.3857483080726835
Matt Cowdrey OAM MP,,,894.0,12,0.2377315320181455
Refugee Advice & Casework Service,,,892.0,16,0.39784851137491845
Rosalie Woodruff MP for Franklin,,,891.0,18,0.624629974971175
Josh Kessanis,,,891.0,18,0.766415161855907
trace,,,891.0,18,0.3022790949418476
Sorbent Paper Co.,,,849.5,1,0.38314796116894223
Schneider Electric,,,848.5,3,0.05284929342474724
Voices 4 Cowper,,,848.5,3,0.6532394411853654
Geoffrey Raymond Ballard,,,847.5,5,0.9697822701851219
Digital Marketing AOK,,,847.5,5,0.9526350718198581
David James Speirs,,,846.5,7,0.42582359017484595
Corporation of the City of Whyalla,,,846.5,7,0.6083800624012763
Senator Marielle Smith,,,846.5,7,0.6205986722119358
The Good Vibes Roll,,,846.5,7,0.47803521381922653
Friends of the Earth Australia,,,845.5,9,0.43481265469405567
William George Edward Twiss,,,844.5,11,0.7808653959680666
Serving Mosman,,,843.5,13,0.5125420420750862
Louise Melnikoff,,,843.5,13,0.44972642415868797
Renaming Moreland,,,842.5,15,0.648805026702206
Sally Anne Quinnell,,,842.5,15,0.4820516310188503
Roy Francis Mccullagh,,,841.5,17,0.46935409048267956
Shane P Bailey,,,841.5,17,0.4072844363824538
Byron Shire Action Group,,,841.5,17,0.7536648435067418
Angela Schiller,,,841.5,17,0.8556586740590334
Dianah Charmaine Walter,,,841.5,17,0.4358489069889267
Martin Foley MP,,,799.0,2,0.01318330836232251
The Civic Partnership,,,799.0,2,0.6284830942271061
Centre for Public Integrity,,,799.0,2,0.9972401058286484
Morisset Early Education Centre,,,799.0,2,0.07301421500062177
Francis Ryan Maxwell,,,799.0,2,0.9847068995734959
St Kilda Football Club,,,799.0,2,0.14017965831482193
Voice of the Martyrs Australia,,,798.0,4,0.004774381472248664
Nita Green - Senator for Queensland,,,798.0,4,0.3217862029792936
SDA Newcastle and Northern,,,798.0,4,0.5926929478527599
Mark Rudy Nielsen,,,797.0,6,0.5532594779795067
Australian Workers' Union,,,797.0,6,0.028929889094373565
Michael Cassel Group,,,797.0,6,0.39652279459971995
Environs Kimberley,,,796.0,8,0.3162438651705181
Alliance for Gambling Refom,,,796.0,8,0.8390024758151234
HR Assured,,,796.0,8,0.5451064571123625
Shaun Desmond Grimston,,,796.0,8,0.8370328733884133
Just.Equal Australia,,,796.0,8,0.6671873503648118
Animal Liberation (QLD) Limited,,,795.0,10,0.43681293539238447
Foodbank WA,,,795.0,10,0.07393822816127844
#roughit4rockingham,,,794.0,12,0.21617666181013462
Edwin Johnstone,,,793.0,14,0.5892294461251448
Fiona Patten MP,,,793.0,14,0.25392605873572643
Jacinta Allan MP,,,792.0,16,0.4788064879111606
Cate Faehrmann,,,792.0,16,0.55438712926597
Business Council of Australia,,,792.0,16,0.5962772931515569
Lifeline Central West,,,792.0,16,0.5921416005302694
Joselito M Aguilus,,,792.0,16,0.5553160218922505
Cassidy Jill Pemberton,,,792.0,16,0.7304409653971251
Melanie Louise Holdsworth,,,749.5,1,0.9608782650835331
Clint Marsh,,,748.5,3,0.6707239651687453
Willoughby City Council,,,748.5,3,0.6259153575786461
Anthony Edward Spagnolo,,,747.5,5,0.8498290701614459
David Michael Tilley,,,747.5,5,0.5448248841992149
People with Disability Australia,,,747.5,5,0.5041809022621712
DVConnect,,,747.5,5,0.0348621765205073
City of Marion,,,746.5,7,0.7930559416561579
Tom McIntosh MP,,,746.5,7,0.5434148305082562
"Falun Dafa Association of Australia, Victoria Branch Inc",,,746.5,7,0.002711275781015347
Author Consulting,,,746.5,7,0.1427423769386185
Peter Allan Foster,,,745.5,9,0.6105048191078796
IndependentsCAN,,,745.5,9,0.831800172907392
Bridget Kennedy for Lane Cove Council campaign,,,745.5,9,0.6170512145911886
Community Action For Rainbow Rights (CARR),,,745.5,9,0.3797337538059234
Alan Anthony Junior Murray,,,744.5,11,0.5667829244298296
Luke Naismith,,,744.5,11,0.5707758691905814
Sarah Emily Carlyle Roberts,,,744.5,11,0.47599112580994846
Graham Peter George,,,743.5,13,0.728420785465811
Adrian Raedel,,,743.5,13,0.7913140989302082
Hugo Siu,,,742.5,15,0.30339402670065097
Nadia Clancy MP,,,742.5,15,0.5244183225917023
Sue Day The Voice of Penrith,,,699.0,2,0.7176613205384762
The Commons Social Change Library,,,699.0,2,0.9985391713129484
Linh Sy Ho,,,699.0,2,0.5942922040138141
ATSE,,,698.0,4,6.624601376850861e-12
Brandt Colin Clifford,,,698.0,4,0.16172297774635558
Lyme Disease Association Australia,,,698.0,4,0.6888391895386536
Milornir Andjelkovic,,,697.0,6,0.8080101830581172
Brendan Craig Byron,,,697.0,6,0.8151592964929912
Robert Lloyd Henry Davis,,,697.0,6,0.283190020703154
Councillor David Wilkins,,,697.0,6,0.33907522704952414
Tearfund Australia,,,697.0,6,0.3324979465909584
Darcy Byrne,,,696.0,8,0.728330357220426
Christopher James Steel,,,696.0,8,0.16062159610458196
Ed Cocks MLA,,,695.0,10,0.7555089537693704
Evan Dominic Mulholland,,,695.0,10,0.7051310829729456
Joanne Gail Cotterill,,,695.0,10,0.5923483450538243
Move Beyond Coal,,,695.0,10,0.1855649851518395
Paul Sedrak,,,694.0,12,0.8388364976255578
Jane Agirtan,,,694.0,12,0.7786974762444098
Women's and Girls' Emergency Centre,,,694.0,12,0.1344460930501796
Alan Graham,,,693.0,14,0.700152872665204
Mark Stuart Parton,,,693.0,14,0.3999288510595247
Good for Manly,,,693.0,14,0.6837878276914036
Heidi Marie Thompson,,,693.0,14,0.6782037696492038
Ashleigh Rika Vissel,,,693.0,14,0.4215388453346116
Kim Elizabeth Prior,,,693.0,14,0.6139279259436391
SSTUWA,,,693.0,14,0.09478352794361367
Youth Off The Streets,,,693.0,14,0.4134128822554619
Positive Life NSW,,,693.0,14,0.4012315552897808
Alicia Maria Helene Corsar,,,648.5,3,0.6100836674069452
Lazaras Panayiotou,,,648.5,3,0.9819103238622322
Australian Progressives,,,648.5,3,0.5986534392874152
Campaign Against Racism and Fascism,,,648.5,3,0.013775381075730907
Costas A Vasili,,,647.5,5,0.3855893633791263
Casey Keith Hiscutt,,,647.5,5,0.9017778264709132
Nikola Popovic,,,647.5,5,0.825751156653989
Jubilee Australia Research Centre,,,647.5,5,0.37281771518452295
Surfrider Foundation Australia,,,646.5,7,0.4025326965522587
Hayden J O'Connor,,,646.5,7,0.9484182191543715
Andy Xing ,,,646.5,7,0.39618630684818645
Sean Callanan,,,646.5,7,0.7469752714310052
Warwick Jason Mackay,,,646.5,7,0.7333747330487795
Kathleen Matthews-Ward,,,645.5,9,0.4763217120673485
Michael John Crandon,,,645.5,9,0.40437458569754936
Peter Horton Pilbeam,,,645.5,9,0.4983655808991086
Damien Mcculloch,,,644.5,11,0.35911888734171865
Stuart James,,,644.5,11,0.18450839451452827
Sarah Game,,,644.5,11,0.5926612188621836
Rhiannon Pearce MP,,,644.5,11,0.23888019116969011
Rose Ann Morton,,,644.5,11,0.5185438584041886
Engineers Without Borders Australia,,,644.5,11,0.23112511636737432
Mark William Jessop,,,644.5,11,0.8554993319727633
Penelope Terese Pedersen,,,644.5,11,0.7485152956490599
Canberra Weekly,,,643.5,13,0.4979041638952357
Parliament of South Australia,,,643.5,13,0.6056816828479745
C2Zero,,,643.5,13,0.06826050778828514
FreeMarketGarden ,,,643.5,13,0.7405239016729495
Airlie Katherine Keen,,,643.5,13,0.7532367234090102
Robert George Herrick,,,599.0,2,0.16711671819393248
Kerry Jung,,,599.0,2,0.9986739261531816
Comms Declare,,,599.0,2,0.0348068749464373
Conservation Council of Western Australia,,,599.0,2,0.2348239778083924
Benjamine William Shields,,,598.0,4,0.43652949593156465
Leith R Mudge,,,597.0,6,0.5863251282977273
Cooperative Power,,,597.0,6,0.2124777350664886
Philip Andrew Batty,,,596.0,8,0.6771331354231155
Joe Szakacs MP,,,596.0,8,0.4437195438461285
Timothy Glenn Walker,,,596.0,8,0.20256613015340763
Allen George Grundy,,,596.0,8,0.7125191360767547
Joan Pease MP,,,596.0,8,0.2964577768184168
Action for Dolphins,,,596.0,8,0.06216575000834396
Australian Federation Party,,,595.0,10,0.9395517565492784
Lord Mayor Nuatali Nelmes,,,595.0,10,0.7878344571273251
Bronwyn Smith,,,595.0,10,0.6108125476246482
Save Our Songlines,,,595.0,10,0.17547820483663476
Cheryl Fuller,,,594.0,12,0.18903870626268207
Lucy Morrison ,,,594.0,12,0.3035979708354849
Prasit Pansean,,,594.0,12,0.4080838257535576
Anna Marie Reynolds,,,594.0,12,0.587908515819506
Abigail Boyd,,,594.0,12,0.6367800930461314
Penrith City Council,,,549.5,1,0.038655635958123824
Property Council of Australia,,,549.5,1,0.938062087210861
Social Status,,,549.5,1,0.38314796116894223
Mohit Kumar,,,548.5,3,0.9091283189890317
Alex Joseph Britton,,,548.5,3,0.9302521932873473
Community Power Agency,,,548.5,3,0.8124024314295129
Our Future Northern Rivers,,,548.5,3,0.4475173155692076
Damien De Pyle,,,548.5,3,0.9303964393908508
United Firefighters Union,,,548.5,3,0.8070209381412073
Uniting Church in Australia,,,548.5,3,0.04816048723643207
Darriea Jean Turley,,,547.5,5,0.01584762966674644
Bayer,,,547.5,5,0.2216698660339439
Australian Rural Leadership Foundation,,,547.5,5,0.592858758282898
Gerard Maley,,,547.5,5,0.4968986792386937
Jiwoon Ko,,,547.5,5,0.38314796116894223
Warren Snowdon MP,,,546.5,7,0.2638487467935533
Dan Hayes,,,546.5,7,0.6076955581211442
Carly Ann Lewis,,,546.5,7,0.7084810945450737
Banyule City Council,,,546.5,7,0.8012115044422806
Sharon Mckell,,,546.5,7,0.6246804905899903
City of Canning,,,546.5,7,0.055880290155307676
UnionsWA,,,545.5,9,0.21856572276932248
Matthew Eric Hill,,,545.5,9,0.9638920302329607
Debra Joyce Thurley,,,545.5,9,0.17918994961311124
Jason Charles Nelson,,,545.5,9,0.74815237744245
Margot Lieselotte Sachse,,,545.5,9,0.5785356258565933
UnionsWA Inc,,,545.5,9,0.40249666278017926
David Mark Bain,,,544.5,11,0.42942348025581184
Peter Charles Hunter,,,544.5,11,0.5920603407640201
Teeny Brumby,,,544.5,11,0.6040671574391628
Multicultural Centre For Women's Health ,,,544.5,11,0.06985968091789116
Catherine Hutchesson MP,,,544.5,11,0.5622414145182025
Amina Houda Keygan,,,544.5,11,0.36111889279603004
Samuel William Diprose,,,544.5,11,0.7110849866927104
Joshua Bradley,,,544.5,11,0.753220906574608
Brett A Owen,,,544.5,11,0.6274344418116354
Community Canada Bay,,,544.5,11,0.5802254193198726
Craig Crawford MP,,,544.5,11,0.3859446832928849
Philip M Chabrel,,,544.5,11,0.6447842999124995
Sisters of Charity Foundation,,,544.5,11,0.20747941971602726
Tania Mihailuk,,,544.5,11,0.3431880491392546
Justice For RFS Volunteers,,,544.5,11,0.7217292178155772
Kara L Stuart,,,544.5,11,0.8952931244370417
Iain Mackay Dall,,,499.0,2,0.5232318153292532
Tweed Shire Council,,,499.0,2,0.27411516711684697
Janie Finlay,,,499.0,2,0.22673109963230337
Gurdeep Singh,,,499.0,2,0.2808315990752369
Rose Jackson,,,499.0,2,0.6808403522641939
UNICEF con créditos publicitarios de Facebook,,,499.0,2,0.41188271030514256
Bethlehem House Tasmania Inc,,,499.0,2,0.06699771617719585
Councillor Glenn Churchill,,,498.0,4,0.8966082589275001
Sean Weatherly,,,498.0,4,0.9376989529189248
James John Mcdonald,,,498.0,4,0.5924605211264528
#NoNewMinesInOurVines,,,498.0,4,0.6839879748064936
Matthew James Osborn,,,498.0,4,0.7309033608047046
Lock the Gate Alliance,,,498.0,4,0.519778756013231
James Phillip Rowe,,,497.0,6,0.6940414921293179
Animal Liberation,,,497.0,6,0.007100090440213387
Yvonne Weldon,,,497.0,6,0.37168876423506375
Solmedia,,,497.0,6,0.6911752718617182
Mahmud Hosain Emon,,,497.0,6,0.42036265184292715
Louise Helene Nicholson,,,497.0,6,0.9442208444188518
United Firefighters Union Tasmania,,,497.0,6,0.37482838279506003
Claire Rechberger,,,497.0,6,0.08022927945997446
David Charles Mcquillan,,,497.0,6,0.7849835114657784
Lucy M Honan,,,497.0,6,0.5314724332352591
Zaffer Mannan,,,496.0,8,0.8975752848417463
Monica Michelle Mazzeo,,,496.0,8,0.416913528020632
Steve Minnikin MP,,,496.0,8,0.42065928199772445
Australia Eff Johnson,,,496.0,8,0.4826366803030343
Jacqueline Nicola Findlay,,,496.0,8,0.705200400909306
Wasim Saeed,,,496.0,8,0.9162549872763329
Linda M Caruso,,,496.0,8,0.6232005935135131
"Centre of Multicultural Engagement, Literacy, and Leadership",,,496.0,8,0.882679924442626
Neale Henry Genge,,,496.0,8,0.8490930778581046
Carol Altmann,,,496.0,8,0.7996927501020178
James Isaac Mckee,,,495.0,10,0.7368130154034115
Health Australia Party,,,495.0,10,0.545228047619961
Anthony Kearney,,,495.0,10,0.9385269511149616
ac.care,,,495.0,10,0.3576483748667798
Dale F Harriman,,,495.0,10,0.9568617499603825
Redlands2030,,,495.0,10,0.21356649394651595
Papori Barua,,,495.0,10,0.5620950653378632
Ryan Jamie Gilmour,,,495.0,10,0.26780992140183507
Andrew Braddock MLA,,,495.0,10,0.48448339846593674
Paul Richard Huebl,,,495.0,10,0.4967627328259727
Simon Andrew Ingram,,,495.0,10,0.24334201011880588
Vasilios Tsalkos,,,495.0,10,0.68276482833434
Councillor Matt Woodall,,,449.5,1,0.2703273524244648
Martin James Wells,,,449.5,1,0.5809895387946559
Give Where You Live Foundation,,,449.5,1,0.02384641370966123
Our Natural Legacy,,,449.5,1,0.6610989433658048
Sarah Virginia Harding,,,449.5,1,0.6055497728659713
Isaac Regional Council,,,449.5,1,0.9983626261155483
Steve McGhie MP,,,449.5,1,0.7271753023517973
Australian Fishing Trade Association,,,449.5,1,0.46020390284062906
ARN,,,449.5,1,0.07822297410284994
Philip Couper,,,448.5,3,0.31192703413975015
Community & Public Sector Union,,,448.5,3,0.37126945119232213
Pryce Allsop Group,,,448.5,3,0.9529129422786672
Aaron Cory De La Torre,,,448.5,3,0.26761200665375173
Rockhampton Regional Council,,,448.5,3,0.9992527842390414
Timothy Leonard Mander,,,448.5,3,0.19012150168951134
City of Monash,,,448.5,3,0.6034332186454905
OnMarket,,,448.5,3,0.03823396625457794
Public Education Foundation Ltd,,,448.5,3,0.24716033405646268
Refugee Action Coalition Sydney,,,448.5,3,0.8001659916906808
Daniel Thomas Byrne,,,447.5,5,0.6445764674243131
Blake Andrew Keating,,,447.5,5,0.9542357738742114
Mason Ward Residents and Ratepayers Association,,,447.5,5,0.9006463909357634
NTEU Fightback,,,447.5,5,0.4581296348286765
Cynthia Lui MP,,,447.5,5,0.525448750684612
ALT SHIFT MELBOURNE PTY LTD,,,447.5,5,0.003387045661572363
Anne-Marie Loader,,,446.5,7,0.9316926584122273
Sonet Coetzee,,,446.5,7,0.5984580067162464
Domenico Gelonese,,,446.5,7,0.5775040199762047
Connor Nicholas Andreatidis,,,445.5,9,0.9171625993843417
Jayden Squire,,,445.5,9,0.2589987881891935
Haotian Xiao,,,445.5,9,0.09344587899985421
Ben Ayris,,,445.5,9,0.7652848995600846
Jason Horton,,,445.5,9,0.5831477436872506
Women's Climate Congress ,,,445.5,9,0.4505647255441307
Caring for Comenarra,,,445.5,9,0.6768152645793117
Daylight Saving Party,,,445.5,9,0.11290774321654466
Josh Lynagh,,,445.5,9,0.5431112980565834
Phillip Michael Bigg,,,445.5,9,0.6398907084063157
Helga G Lemon,,,445.5,9,0.41152714710302707
Councillor John Stamolis,,,445.5,9,0.6227611454330326
Plus61J,,,445.5,9,0.25085883463746317
Run For It,,,445.5,9,0.5185330308480589
Kevin Conolly MP,,,445.5,9,0.3406520388926235
Team Kylie for Albury City,,,445.5,9,0.7273783339021609
Jesse Wilson Gardner Russell,,,445.5,9,0.5711102400588145
Kevin Francis House,,,445.5,9,0.6741606796519004
Peter Mcgregor,,,445.5,9,0.5559392143654054
Carla Megan Wiese-Smith,,,445.5,9,0.2893382272683737
AIJAC - Australia/Israel & Jewish Affairs Council,,,445.5,9,0.42592864569886124
Migrant Workers Centre,,,445.5,9,0.09801940524392495
Amanda Camm MP,,,399.0,2,0.0025281467075470854
Australian Trucking Association,,,399.0,2,0.8033225488226177
Stephen Jeremy Jackson,,,399.0,2,0.5594891979124379
Simon Charles Walker,,,399.0,2,0.9161753744482887
Urban Development Institute of Australia - SA,,,399.0,2,0.7667829461501288
Stephen James Birrell,,,399.0,2,0.8310510146168277
Barefeet Podiatry,,,399.0,2,0.33826004245776686
Elizabeth Ann Virtue,,,398.0,4,0.963943413513807
Jason Breton - Independent for Liverpool,,,398.0,4,0.41914057304338365
Victorian Farmers Federation,,,398.0,4,0.999296271549406
Independent Voices for the Senate Limited,,,398.0,4,0.9999999999996302
Brisbane Off-Road Riders Alliance Inc,,,398.0,4,0.09276047085049756
Commissioner for Children and Young People SA,,,398.0,4,0.11075349470964448
Ben Fry - Balanced Bathurst,,,398.0,4,0.29879288361022477
City of Gold Coast,,,398.0,4,0.29909168834961475
Marlene Shipley,,,398.0,4,0.9940806311531156
Mohammad Nurul Islam Khan,,,398.0,4,0.6199169521990905
The Events Agency,,,398.0,4,0.09182431820931343
Kate Wylie,,,397.0,6,0.24285103213651393
Desmond Matthew Kennedy,,,397.0,6,0.8400012743808519
Cr Giacomo Arnott,,,397.0,6,0.7853332547078385
WAW Handplanes,,,397.0,6,0.5374780721188723
Matthew David Shilling,,,397.0,6,0.8752276851847459
Paul Lilburne MLA,,,397.0,6,0.4844835565474176
Richard Randolph Pearson,,,396.0,8,0.5675549512723388
Smiths 2014 Pty Ltd,,,396.0,8,0.03712699908974728
Michael George Andrew Parsons,,,396.0,8,0.4383323745156102
Yassir Ajrish,,,396.0,8,0.8200558696571499
Rohan James Boehm,,,396.0,8,0.4498272901346123
Aldo4Kingborough,,,396.0,8,0.37281432911929013
Lynden Colin Ferguson,,,396.0,8,0.18902329498779444
Stephanie Megan Cameron,,,396.0,8,0.3604154429206432
Tracie M Lund,,,396.0,8,0.8569697039195338
Dianne Elizabeth Fraser,,,396.0,8,0.9809725894404515
Ali Kent MLA,,,396.0,8,0.224916915578055
Raman Bhalla,,,396.0,8,0.20405293385396195
Stuart Patrick Larkins,,,396.0,8,0.6143676394270274
Christel L Mex,,,396.0,8,0.4744950985925604
Brooke Patterson,,,396.0,8,0.3129472865309119
Justin Allan Robinson,,,396.0,8,0.7254659420538965
Rochelle Galloway,,,396.0,8,0.8269816012214677
Nick Hayles,,,396.0,8,0.7589481799572336
Kieran William Best,,,396.0,8,0.5728698829134584
Ellen Margaret Avery,,,396.0,8,0.6952873604484997
John William Bolton,,,396.0,8,0.7150353378607912
Sophie Clementine Sorell Underwood,,,396.0,8,0.2316743470295494
Sandra Anne Carr,,,396.0,8,0.4158033656280812
Stacks Law Firm,,,396.0,8,0.44864537379367564
Tim Whetstone MP ,,,396.0,8,0.44815101589975687
David Edward Flint,,,396.0,8,0.47797048393283476
Mick Gentleman MLA,,,396.0,8,0.36845008635739235
Vanessa M Cheng,,,396.0,8,0.7456130006144019
Refugee Advice and Casework Service,,,396.0,8,0.4304435957861134
Jackie Jarvis MLC,,,349.5,1,0.13772299580370617
Emma Vulin,,,349.5,1,0.9634795852884384
Yoorrook Justice Commission,,,349.5,1,0.01502007315257736
The Community Independents Project Pty :td,,,349.5,1,0.188880469445352
Mark Eric Hamilton,,,349.5,1,0.3831479611689423
Social Futures,,,348.5,3,0.04419158997096812
Coalition for the Protection of Greyhounds,,,348.5,3,0.14304427734528158
Peter Foster MLC,,,348.5,3,0.5803966632300549
Sunil Gope Hargunani,,,348.5,3,0.6841542086101795
Pleasant State,,,348.5,3,0.1839114468502045
Kind Enterprises ,,,348.5,3,0.24371376916471368
Jack Alexander Mansell,,,348.5,3,0.9283301196066708
"Magyarország Nagykövetsége, Canberra",,,348.5,3,0.3767620508637477
Equality Tasmania Inc,,,347.5,5,0.1262855809194691
Donna Evelyn Mary Faragher,,,347.5,5,0.7341733497107782
Newcastle Independents,,,347.5,5,0.8263212755341638
Vote Easy,,,347.5,5,0.9388739379394068
Peter Fowler Grippaudo,,,347.5,5,0.39994700747943857
Henricus Theodorus Van De Ven,,,347.5,5,0.41865100431475105
Queensland Council of Social Service (QCOSS),,,347.5,5,0.38773574832874336
Andrew Edward Zbik,,,347.5,5,0.6346327748358233
Shane Love,,,347.5,5,0.28455898290775156
Housing Trust,,,347.5,5,0.7394597288306219
Scribble and Scribe Administration Solutions,,,347.5,5,0.6467909734372087
Brandon James Cockfield,,,346.5,7,0.015169104196019181
Barry John Calvert,,,346.5,7,0.3705190337962575
Benjamin J Lucas,,,346.5,7,0.39200019313744294
George Georgiou,,,346.5,7,0.9452700453348799
Sarah Andrews MP,,,346.5,7,0.2796375936680889
John Church,,,346.5,7,0.9842233184724145
Nature Conservation Council of NSW,,,346.5,7,0.0020312989828119576
Tom William Morrison,,,346.5,7,0.5079665178449612
Sean Michael Grady,,,346.5,7,0.7015855872006053
Lia Chivaun Lawrie,,,346.5,7,0.8563499995694935
Kathleen June Bryla,,,346.5,7,0.47917230492658247
Sharon-Ann Gibson,,,346.5,7,0.7607863297235009
Erin Thompson MP,,,346.5,7,0.5774098811092054
Ian Birchley,,,346.5,7,0.440289855037034
Noelle Harb,,,346.5,7,0.5606171417252145
Matthew Combey,,,346.5,7,0.33399867489598156
Anne Napoli,,,346.5,7,0.8987523735277171
FIONA LOUISE LATHAM-CANNON,,,346.5,7,0.9253100780062391
Daylight Saving Party WA,,,346.5,7,0.015072318937977907
We Are Hughes,,,346.5,7,0.7575174255558688
Kinne Ring,,,346.5,7,0.4236173971643531
Victor Ruifeng Liang,,,346.5,7,0.00021677515407636516
Archdiocese of Brisbane,,,346.5,7,0.1521539006089707
The Articulate Pear,,,299.0,2,0.15630061167975534
Women with Disabilities Victoria,,,299.0,2,0.38710294503095843
Nicholas Charles,,,299.0,2,0.9571453715398306
Robert Whitehill,,,299.0,2,0.9997982978607133
Good Morning Macarthur,,,299.0,2,0.034192201184608764
Timothy Luke Scott,,,299.0,2,0.975076540620431
Save The Preston Market Action Group,,,299.0,2,0.9999999999999298
Campbelltown Independents,,,299.0,2,0.8620631781820802
Julia Dorothy Finn,,,299.0,2,0.18520205535219036
Brendan Matthew Christie,,,299.0,2,0.7120466427098511
Emma Dynes,,,299.0,2,0.9982869611542831
Sue Hickey,,,299.0,2,0.3627976116928372
Michael James Cooper,,,299.0,2,0.1355694621306143
Tobias Alexander James,,,299.0,2,0.5343806313955732
Luke T James,,,299.0,2,0.938647385179709
Meredith Hammat MLA,,,299.0,2,0.2394493046877621
Rotary Club of Mawson Lakes,,,299.0,2,0.1354139130532364
Jane E Gilmore,,,298.0,4,0.9742278592985146
Olivia Colombo,,,298.0,4,0.1991058234695002
Matthew Hughes MLA,,,298.0,4,0.4739971162053403
Jake Sebastian Mcguinness,,,298.0,4,0.824111643900744
Christopher Raymond Sutton,,,298.0,4,0.6274980187932935
Paul Stanley Ell,,,298.0,4,0.8984729200143208
Omar MacIntyre - For City of Nedlands Council,,,298.0,4,0.867260503235878
Powerhouse,,,298.0,4,0.45195152287951434
City of Onkaparinga,,,298.0,4,0.28898184109499314
Cynthia A Watson,,,298.0,4,0.32978123660255587
Winfinity Solutions Pty Ltd,,,298.0,4,0.9714056303030402
Bahar Salehi,,,298.0,4,0.2975890701865895
Blair Boyer,,,298.0,4,0.33942963066894244
AFOPA,,,298.0,4,0.5072504877066932
voting.org.au,,,297.0,6,0.5847291103203736
Adam Matthew Roberts,,,297.0,6,0.5734236969444877
Danilo Cruz Peralta,,,297.0,6,0.6783996797141896
Amy Maree Eden,,,297.0,6,0.24460761279153703
Nathan John Zamprogno,,,297.0,6,0.7015260558507254
Jennifer Gail Webb,,,297.0,6,0.6107142215162065
Anthony Jackson,,,297.0,6,0.6997410816885573
Stephen Martin Greenwood,,,297.0,6,0.7582718305746988
Timothy Donald Looker,,,297.0,6,0.9051549659518686
Gail Carnell Kilby,,,297.0,6,0.5254209043038869
Anglicare Victoria,,,297.0,6,0.6233937201293882
North Sydney’s Independent Pty Ltd,,,297.0,6,0.9859454997824445
Adam Barnett,,,297.0,6,0.8228234223750664
Todd Antony Redwood,,,297.0,6,0.9997082780290066
The Good News Hub,,,297.0,6,0.22806482118760335
Michael Nagi,,,297.0,6,0.17857248656386332
Katheryn Jane Smith,,,297.0,6,0.43854359843201784
Tessa Kowaliw Independent Candidate,,,297.0,6,0.5790087414465963
Boru Michael Tumulty,,,297.0,6,0.4086230792903267
James Milligan MLA,,,297.0,6,0.8724622767662394
Lance McCallum MP,,,297.0,6,0.2859790155381949
Alison K Barnes,,,297.0,6,0.27431118447522607
Dave Fidler,,,297.0,6,0.9585450084546386
Moonee Valley City Council,,,297.0,6,0.16860433855219903
MENTAL - The Motherload,,,297.0,6,0.9506371862880185
David Hood,,,297.0,6,0.9841182357503179
Paul James Collins,,,297.0,6,0.5456993712241619
Alexandra Dianne Wyatt,,,297.0,6,0.8765337524122108
Sustain.Surf,,,297.0,6,0.399662252915746
Kate Elisha Mcgrath,,,297.0,6,0.40217663934097203
Emma Davidson MLA,,,297.0,6,0.2965648224490018
Jeremy John Miller,,,297.0,6,0.9878993930737228
Frances Ellen Bedford,,,297.0,6,0.5234607760995134
Paul Edbrooke MP,,,297.0,6,0.3189097928397633
Glynis Taylor,,,297.0,6,0.48924124470209623
Peter James Richard Gangemi,,,297.0,6,0.4023706413645751
Keith Philip Williams,,,297.0,6,0.4141633082653254
David John Hunter,,,297.0,6,0.43883307506348407
South Australian Rainbow Advocacy Alliance (SARAA),,,297.0,6,0.16161916246028188
Raveesh Karanil John,,,297.0,6,0.6680022051106302
Gavin John Morris,,,297.0,6,0.2658745730127628
Douglas John Curran,,,297.0,6,0.5465024367087458
Paying.Green Holdings Pty Ltd,,,297.0,6,0.006749203196030895
Australia Pacific Security College,,,297.0,6,0.4397015918496704
Josh Teague MP,,,297.0,6,0.4811718073093901
Queensland Peoples’ Protest,,,297.0,6,0.38650183690407075
Leeton Shire Council,,,249.5,1,0.1655754651218314
Alexander Ian Wilkinson,,,249.5,1,0.9990707040249746
William Neil Stewart Coats,,,249.5,1,0.7294402413712148
City of Port Phillip,,,249.5,1,0.5890871899928694
Travis Schultz & Partners,,,249.5,1,0.3642594786514991
Cameron Dick MP,,,249.5,1,0.3849947390793397
Darren Lehg West,,,249.5,1,0.590843311472826
Michael Hart MP,,,249.5,1,0.7205137463326087
Atheist Foundation of Australia,,,249.5,1,0.9952722787145796
Church And State,,,249.5,1,0.22499001093788162
SBS Croatian,,,249.5,1,0.08821617601384923
Leanne Jessica Farmer,,,248.5,3,0.8589451901631225
Andrew Woodward,,,248.5,3,0.7396885970516571
Allied Gaming,,,248.5,3,0.030132779127886478
Save Sydney's Koalas (South West) Incorporated,,,248.5,3,0.7408241511178174
Tony Wolfe,,,248.5,3,0.9773118115056855
Breakthrough National Centre for Climate Restoration,,,248.5,3,0.35924985795548403
Wodonga Council,,,248.5,3,0.007501641390078523
Prue Car Electorate Office ,,,248.5,3,0.4764467562447276
Community First Team,,,248.5,3,0.7184426058505885
Micah Australia,,,248.5,3,0.4251897313684615
Keiran John Snape,,,248.5,3,0.6429937170846867
Of One Mind Pty Ltd,,,248.5,3,0.22160023592327413
Tirtyl Trading Pty Ltd,,,248.5,3,0.00023867361940768834
Stephen Pratt MLC,,,248.5,3,0.655455355286143
Sea Shepherd Australia,,,248.5,3,0.6406703796175824
Meredith Anne Southwood,,,248.5,3,0.4416510106357761
Loretta Baker,,,248.5,3,0.7825780931223196
Matthew Edmund Etherington,,,248.5,3,0.11008010133173404
BeachPatrol,,,248.5,3,0.2826404028167132
City of Greater Geraldton,,,248.5,3,0.39045128980730237
United Services Union ,,,248.5,3,0.9210327606851625
Alan Leslie Tickle,,,248.5,3,0.04966729177412163
Shaun David Gilchrist,,,248.5,3,0.5722501285201363
Nathan Conroy,,,248.5,3,0.16043020082079093
Dale Allan Beasley,,,248.5,3,0.656492208329694
Humanists Australia,,,248.5,3,0.6751497132233217
Senator Carol Brown,,,248.5,3,0.04887885843885155
NSW Jewish Board of Deputies,,,248.5,3,0.13872946462972952
The Benevolent Society,,,248.5,3,0.3515656079516223
Tasmanian Conservation Trust,,,248.5,3,0.5299195400374501
Vocational Partnerships Group,,,248.5,3,0.4058843521454865
Union Aid Abroad-APHEDA,,,248.5,3,0.010364809350005286
Trevor Malcolm Scott,,,247.5,5,0.956874367563917
Luke J Brady,,,247.5,5,0.6882368443381817
Alexander Nancarrow,,,247.5,5,0.6617137197648111
Trent Ames,,,247.5,5,0.5771366546815978
Dr Marjorie O'Neill MP,,,247.5,5,0.10686468411945155
Sally Harding,,,247.5,5,0.8245722896091954
janet for Adelaide City Council ,,,247.5,5,0.5291905726261075
Shawn Anfernee Lu,,,247.5,5,0.8867735658649405
Stephen Mullighan MP,,,247.5,5,0.0667036725860779
Fern Summer,,,247.5,5,0.3896284963968105
Mukesh Chand,,,247.5,5,0.646429504503437
Kamal Dahal,,,247.5,5,0.775073573516913
Adrian Tantari,,,247.5,5,0.5250553122121872
Scott David Anderson,,,247.5,5,0.4624664464942209
Robert John Sanderson,,,247.5,5,0.770167194333399
Sam Michael Pigram,,,247.5,5,0.78576777961236
Suzanne Natalie Migdale,,,247.5,5,0.591800002300917
Valence Anthony Athanassiou,,,247.5,5,0.10020458474631828
James Clarence John,,,247.5,5,0.6235482047489421
Megan Louise Ann Brown,,,247.5,5,0.35097525061412216
WA Local Government Association,,,247.5,5,0.5511025651484467
Jordan Darren Brett,,,247.5,5,0.6326393725326872
Tarrawarra Museum of Art,,,247.5,5,0.09741180654573184
Jess Rohin Jennings,,,247.5,5,0.21193197385916576
Marcus James Rowland,,,247.5,5,0.4105168838657036
Blake Lawrenson,,,247.5,5,0.4939941375341113
Michelle Lee Hertz,,,247.5,5,0.6130850689709264
Shokufeh Kavani Gherkhlo,,,247.5,5,0.07515744768584684
Tenille Stacey Pentland,,,247.5,5,0.4822301392465774
Pamela Beth Brown,,,247.5,5,0.6944623279161823
Alice Helen Glachan,,,247.5,5,0.5489557437754651
Alex Radda,,,247.5,5,0.5942139201796449
Timothy Bull,,,247.5,5,0.37881796606078527
Peter Russo MP,,,247.5,5,0.2969396423689184
Adam Lee Duncan,,,247.5,5,0.32663128946290354
Manjit Singh Lally,,,247.5,5,0.48390773098032885
John Ewen Clements,,,247.5,5,0.41276983894391656
Elizabeth Margaret Farrelly,,,247.5,5,0.38331698690041244
Paul Scully,,,247.5,5,0.5071514452628884
Patrick Anthony Healey,,,247.5,5,0.8753163135560097
Samuel Sze Wai Ngai,,,247.5,5,0.42532000652708474
Total Environment Centre Inc.,,,247.5,5,0.4317637659610572
Benjamin Alan Lawver,,,247.5,5,0.486082356812618
Mark C Morante,,,247.5,5,0.4896265336448049
Gurtej Sohal,,,247.5,5,0.72400982852348
Voice of Caulfield Incorporated,,,247.5,5,0.5388394946820881
Wakehurst's Independent,,,247.5,5,0.5190588067298787
Robert Duncan Palmer,,,247.5,5,0.9457220078241214
Clayton Stuart Bauman,,,247.5,5,0.6401844531246088
Australia India Institute,,,247.5,5,0.22438223099063895
Paul Harvey,,,247.5,5,0.16634948705074248
Transport Workers' Union Australia,,,247.5,5,0.4433112147079451
Matthew Lucas,,,247.5,5,0.6271745737807027
Lachlan David HIBBERT-WELLS,,,247.5,5,0.22013964510682513
Michael James Cope,,,247.5,5,0.33142983734123677
Just Gold Digital Agency Pty Ltd,,,247.5,5,0.010870144251752945
Disability Intermediaries Australia,,,199.0,2,0.9422607222221826
Dave Wild,,,199.0,2,0.9870576440855877
National Tertiary Education Union,,,199.0,2,0.3559231125165816
Daniel Nour,,,199.0,2,0.40075482868293544
Gold Foundation,,,199.0,2,0.09245604599786394
Mark Dabner,,,199.0,2,0.9723057995335536
Kath Elliott,,,199.0,2,0.9618746027775462
Moving Media,,,199.0,2,0.6430294815903129
Pauline Louise Lockie,,,199.0,2,0.6786884193882587
Dean Geoffrey Young,,,199.0,2,0.5025602474967807
Alison Claire Courtice,,,199.0,2,0.6338244593479881
Town of Victoria Park,,,199.0,2,0.07111749031478272
QIMR Berghofer Medical Research Institute,,,199.0,2,0.7281320182733612
Lee Odenwalder MP,,,199.0,2,0.4357714197758537
RyanBakker4div7,,,199.0,2,0.5578563979668979
Warrnambool City Council,,,199.0,2,0.038967479942513865
SDA Newcastle,,,199.0,2,0.1603011874615789
KATHLEEN ANNE MATTHEWS-WARD,,,199.0,2,0.6136308151913903
Stephen William Saunders,,,199.0,2,0.4588687798305018
Soft Tread Enterprises,,,199.0,2,0.35442957725859525
Romola Susan Hollywood,,,199.0,2,0.7506353372703984
Amateur Fishermen's Association NT (AFANT),,,199.0,2,0.04641821172903233
Kristi Marie Chapple,,,199.0,2,0.30685617340968685
Martin Lothar Smith,,,199.0,2,0.05341085895646454
Bart Mellish MP,,,199.0,2,0.0635770732905775
Levi John Madeley,,,199.0,2,0.8522210574254563
Friends of Bondi Pavilion,,,199.0,2,0.7578815345469567
Natasha Spicer,,,199.0,2,0.42812830141411795
The Home Stretch,,,199.0,2,0.3067011604742197
Patrick Irwin,,,199.0,2,0.31005267744980464
Muslim Association of Riverina Wagga Wagga Australia Incorporated,,,199.0,2,0.4066166804761086
John Curtin Gallery,,,198.0,4,0.023340687009832134
Peter J Klobucar,,,198.0,4,0.8597826142887751
Nathan Shanks,,,198.0,4,0.18171194724766143
Jo Clay MLA,,,198.0,4,0.22373039853077703
Stephen Spence,,,198.0,4,0.8857239162359055
Morris Vincent Malone,,,198.0,4,0.6086114551927889
Steven George Ostaszewskyj,,,198.0,4,0.30613338566766085
goingtoplaces.com,,,198.0,4,0.6577091026143409
South Australian Tour Operator Alliance,,,198.0,4,0.43446715084337517
Sharon Lesley Cadwallader,,,198.0,4,0.48550965414388236
Bruce William Hull,,,198.0,4,0.48743953435640386
Neil David Thomson,,,198.0,4,0.23907598518903278
Lenaa Anderson,,,198.0,4,0.22295016046613408
David James Mckenzie Ferguson,,,198.0,4,0.48121464882781056
Kate Elizabeth Lucas,,,198.0,4,0.5944883014042719
Micheline Andrews,,,198.0,4,0.6090735152014249
Communities Against The Tarago Incinerator Inc,,,198.0,4,0.0616237061517854
Georgina Reddell Davies,,,198.0,4,0.6984776742560589
Cadence Mitchell,,,198.0,4,0.5806132451841443
Jason Virgo,,,198.0,4,0.999983305642342
Roxane Lee Adams,,,198.0,4,0.5666474235840865
Jeffrey Marc Pettett,,,198.0,4,0.5061107849918
Mark David Schweikert,,,198.0,4,0.6982593365314276
Conservation Council SA,,,198.0,4,0.830560183377997
Dave Layzell MP,,,198.0,4,0.4421460518631942
McKell Institute ,,,198.0,4,0.5716614937486756
Joshua Adam Reiter,,,198.0,4,0.9437099530659715
Chloe T Mackallah,,,198.0,4,0.643721585285655
John Gerad Dundon,,,198.0,4,0.6505913697951887
Hyper Shirts,,,198.0,4,0.5199785162300219
Lara Jane Symkowiak,,,198.0,4,0.4567297033801658
Adam Cecil Burling,,,198.0,4,0.6447225640891332
Emily Louise Williams,,,198.0,4,0.5283786435111061
Simon Dison Cole,,,198.0,4,0.23230583889254275
Russell Ian Webb,,,198.0,4,0.718795982037171
Christian John Mauri,,,198.0,4,0.32930566960487134
Andrew James Hay,,,198.0,4,0.5856337600668473
Susan Rosalie Moore,,,198.0,4,0.3441532475373587
Ian Tooley,,,198.0,4,0.38483868964792367
David Richmond Porter,,,198.0,4,0.5880186892871008
Rebecca L Stewart,,,198.0,4,0.20497947276568224
Ali Lauren Sawyer,,,198.0,4,0.3679200019048111
Palliative Care Australia,,,198.0,4,0.3062101644964435
Ahmad Hussain Amani,,,198.0,4,0.9865261140015168
Visions for Armidale Creeklands Inc,,,198.0,4,0.6353744083882998
Paige Lee Cross,,,198.0,4,0.44919298540497077
Save Strathfield Council,,,198.0,4,0.2440782767740479
Allies in Colour Pty Ltd,,,198.0,4,0.7135468790051248
Ku-ring-gai Council,,,198.0,4,0.368303567054909
Henry R Durieu,,,198.0,4,0.9662495303952203
Eddy Jokovich,,,198.0,4,0.9167399959390827
Jesse Ronald Cochrane Adolfson,,,198.0,4,0.5597411357463317
Marie Clare Boothby,,,198.0,4,0.666129185363783
Mark Jones,,,198.0,4,0.6113178264561852
Cameron S Coy,,,198.0,4,0.668170445183845
Jon David Bailey,,,198.0,4,0.8964443155408114
Ned Cutcher,,,198.0,4,0.14037691816856532
Ethan James White,,,198.0,4,0.2827528094559982
Brett Steven Wormall,,,198.0,4,0.16843421139503706
Lachian Connor Hyde,,,198.0,4,0.30869553492244883
Mackay Regional Council,,,198.0,4,0.01432079104491993
Cameron L Liston,,,198.0,4,0.7889890517827083
Dean Matthew John Teasdale,,,198.0,4,0.7484203314353722
Mark Richard Rodda,,,198.0,4,0.9594144567361983
Geoff Baker MLA,,,198.0,4,0.2520218179230758
Nikolai Victor Jermolajew,,,198.0,4,0.7176005561468997
Pollyanna J Morgan,,,198.0,4,0.15172690601378488
Sarah Alexander Gelston,,,198.0,4,0.31668807767337914
Andrew Van Rooyen,,,198.0,4,0.5856352629734903
Victoria Minvielle,,,198.0,4,0.8501373469266817
Affinity Intercultural Foundation,,,198.0,4,0.03779126167192304
Zen Tea Lounge Foundation,,,198.0,4,0.05477372195819927
NTEU New South Wales,,,198.0,4,0.8073931561556059
BrandUnity,,,198.0,4,0.40259102046738937
Australians for War Powers Reform,,,198.0,4,0.7406655301982459
UnionsACT,,,198.0,4,0.15119535392890207
Daniel John Mealey,,,198.0,4,0.7035874124906973
MLC Design,,,198.0,4,0.11612704368224572
Lord John Drake Cooper,,,198.0,4,0.5008013380443307
Carriageworks,,,198.0,4,0.24079677118773718
O'Brien Criminal & Civil Solicitors,,,198.0,4,0.3859799900912523
Karen Freyer for Vaucluse,,,149.5,1,0.9984288371829156
Jason Brett Harrop,,,149.5,1,0.6779856484992792
Emily J Bieber,,,149.5,1,0.5879536486621066
Filomena Donna Piffaretti,,,149.5,1,0.99883753497079
The Small Business Party,,,149.5,1,0.0009963143873020774
SBS Greek,,,149.5,1,0.25806560249286303
Douglas Lain Reckord,,,149.5,1,0.9797395688955027
Australian Medical Association,,,149.5,1,0.6616278945865705
Health Services Union NSW/ACT/QLD,,,149.5,1,0.9174928853970789
Ryan Samuel Wilson,,,149.5,1,0.12350686412522727
Elinor Prevost,,,149.5,1,0.4037203059619824
I Love Kinder campaign,,,149.5,1,0.43044684832717295
Cardinia Shire Council,,,149.5,1,6.560681440448413e-06
Alexander Karavas,,,149.5,1,0.8065033949471193
Elizabeth Flaherty,,,149.5,1,0.9646483116537378
Justice Reform Initiative  ,,,149.5,1,0.9972280155728118
SuperFriend,,,149.5,1,0.28685586170139454
Wellington Shire Council,,,149.5,1,1.1608309868904598e-09
"Students' Representative Council, University of Sydney",,,149.5,1,0.00018383243120012605
Michael John Jackson,,,149.5,1,0.9294363631706727
Council of Small Business Organisations Australia,,,149.5,1,0.13364453276603283
Rosmairi Dawson,,,149.5,1,0.19999833618052798
City of Kingston,,,149.5,1,0.10047858664279741
Katie Jane Van Der Wijngaart,,,149.5,1,0.6301701066761873
Jen Butler MP,,,149.5,1,0.948188111204614
Clement A Newton-Brown,,,149.5,1,0.029529216318156082
Interrelate Limited,,,149.5,1,0.0007480264196809694
Stewart Heath Prins,,,149.5,1,0.9837127124846717
Clifford Hayes MP,,,149.5,1,0.24178612124276636
Retail and Fast Food Workers Union,,,149.5,1,0.962067781355185
Xenophon Davis,,,149.5,1,0.06444601898653024
Anthony Terence Burke,,,149.5,1,0.1388040221074529
Scott Brenton Savage,,,149.5,1,0.160119086545515
Lindi McMahon for Launceston City Council,,,149.5,1,0.02990208110816484
Peter Francis Johnstone,,,149.5,1,0.9996773185926301
Senator Nita Green ,,,149.5,1,0.0750688692232988
Refugee Advocacy Network,,,149.5,1,7.065087903601608e-08
Terrence Sean Leahy,,,149.5,1,0.6945807637915554
Lucy Clare Small,,,149.5,1,0.8403380206633706
SBS Italian,,,149.5,1,0.2367503687697713
The Left Qld,,,149.5,1,0.4367529115468347
Midnight Oil,,,149.5,1,0.17300919347580357
UNICEF avec des crédits publicitaires Facebook,,,149.5,1,0.41487235285182433
Griffith University,,,149.5,1,0.38314796116894223
 اليونيسف باستخدام اعتمادات الإعلان على الفيسبوك,,,149.5,1,0.38314796116894223
Solidarity,,,149.5,1,0.425701920058397
Jeffery Jon Whitton,,,149.5,1,1.9958806302122767e-06
Paige A Ellis,,,149.5,1,0.10786245848044895
Councillor Krista Preece,,,149.5,1,0.38314796116894223
PayPerClick,,,149.5,1,0.13718261631674034
Equitise,,,149.5,1,0.21894950228156163
Women's Safety Services South Australia,,,149.5,1,0.4365043026856068
Dr Tim Read,,,148.5,3,0.7184655045563547
Elizabeth Anne Rook,,,148.5,3,0.42258210514283084
Nathan David Daniell,,,148.5,3,0.798301191932403
Sarah Kate,,,148.5,3,0.3787223972781597
Rebecca Jane Thomas,,,148.5,3,0.4369932647615086
Michael Ferguson,,,148.5,3,0.6100547662373981
St Vincent de Paul Society Queensland,,,148.5,3,0.3328532448609109
Carmel Mary Noon,,,148.5,3,0.758085321134492
BrisbaneNow,,,148.5,3,0.3280506919056342
Kirsty Lyn Lithgow,,,148.5,3,0.48574425739284366
Belindad Fenn,,,148.5,3,0.6643673036513112
Mark Raymond Molachino,,,148.5,3,0.320652741955666
Steven Paul Toogood,,,148.5,3,0.3256256183825753
Working For Your Future,,,148.5,3,0.2012947875711397
Despina C O'Connor,,,148.5,3,0.26508996388506256
Victorian Women's Trust,,,148.5,3,0.9877248307293163
Town of Cambridge,,,148.5,3,0.848566321576689
Rainbow Families,,,148.5,3,0.5399867067999576
Health Volunteers International,,,148.5,3,0.4501179379764513
Caleb Taylor,,,148.5,3,0.5387385943994745
Mount Gambier Chamber of Commerce,,,148.5,3,0.8005236021283252
Bradley David Orr,,,148.5,3,0.1458242303145136
Boomerang Alliance,,,148.5,3,0.4399855333380803
Reptile Rehabilitation QLD Inc ,,,148.5,3,0.6626362271324878
Charis Mullen MP,,,148.5,3,0.09599956945648873
Richard Owen Salcole,,,148.5,3,0.9991823562529174
Patrick Nicholas Conolly,,,148.5,3,0.13310725837042392
Melissa Horne MP,,,148.5,3,0.19011735694277251
Paul Papalia CSC MLA,,,148.5,3,0.6285862198158113
Kahn Goodluck,,,148.5,3,0.944972860200698
Karen Lea Toms,,,148.5,3,0.737228414761545
Wei J Shen,,,148.5,3,0.3096571931138112
Maria Kerr,,,148.5,3,0.32583464703917964
Gascoyne Gateway ,,,148.5,3,0.39861916547997495
Safe and Scenic Toodyay Roads Inc.,,,148.5,3,0.0013412690350220746
Catherine J Troup,,,148.5,3,0.5790346375252893
Join The Conversation,,,148.5,3,0.9763376980982341
Angela May Humphries,,,148.5,3,0.39312823499492283
Rebecca White MP,,,148.5,3,0.3590538436044778
Reece Davis Byrnes,,,148.5,3,0.9985748279212935
Ryan Bayldon-Lumsden,,,148.5,3,0.1845368918218993
Carolyn Jeffrey,,,148.5,3,0.9720822784678741
Tricia Hitchen,,,148.5,3,0.6298811645034413
P.A Betts - Vote for Experience,,,148.5,3,0.47803242868798523
Ron Campey,,,148.5,3,0.19964553537651372
Shari Blumer,,,148.5,3,0.4930972932446063
William Ginn Candidate for Yass,,,148.5,3,0.7196601860853162
Chloe Smith for Stanmore-Damun Ward,,,148.5,3,0.750214643306161
Christian Camuglia,,,148.5,3,0.458550264208297
NSW Council for Civil Liberties,,,148.5,3,0.17710990796223444
ARRC,,,148.5,3,0.5734410432251633
Kim Farrar,,,148.5,3,0.5526367394554128
Kellie Darley,,,148.5,3,0.2617728959624297
Kevin John Anderson,,,148.5,3,0.022725242568279163
Shenjeet Kaur Gill-Sekhon,,,148.5,3,0.49894166134445717
Sophie Cotsis MP,,,148.5,3,0.2961745864497361
David Leslie Fahey,,,148.5,3,0.6384794028887585
Katie Hope O'Reilly,,,148.5,3,0.9988594402979348
Tony Latter ,,,148.5,3,0.533348997095049
Jodie Lee Davis,,,148.5,3,0.6425744170143876
Phillip Ross Nielsen,,,148.5,3,0.5920175461010085
Isaac Daryll Solomon,,,148.5,3,0.23342941529745764
City of Burnside,,,148.5,3,0.6198162330187968
Deakin Residents Association,,,148.5,3,0.4139336726286168
Dallas Keith Coull,,,148.5,3,0.9984274490326489
Willoughby Environmental Protection Association (WEPA),,,148.5,3,0.24118834561478947
Fair Treatment,,,148.5,3,0.6906624602845751
Amanda Caroline Spencer-Teo,,,148.5,3,0.5905464854308784
Aidan David,,,148.5,3,0.4012462372653024
Sarah Tole,,,148.5,3,0.6092837512326023
Tanya Camille Taylor,,,148.5,3,0.07636057258464905
Warren Joseph Tegg,,,148.5,3,0.5364104424328803
Henry Parkes Foundation,,,148.5,3,0.2062765796060255
Samuel Edward Shetler,,,148.5,3,0.6441449396063695
Melissa Hamling,,,148.5,3,0.23667430704362044
Zoe Bettison MP,,,148.5,3,0.04553530251772049
Karlene Mabel Polglase,,,148.5,3,0.8950179168254357
Nicholas Ryan Lay,,,148.5,3,0.47415102268388676
The Arts Party ,,,148.5,3,0.791151314025651
News Weekly,,,148.5,3,0.8943045427999236
James Spenceley,,,148.5,3,0.3290137853200385
Shannon Fentiman,,,148.5,3,0.5478633413783122
C2Zero Holdings Pty Ltd,,,148.5,3,0.0931597034044571
Tony Sheldon - Senator for NSW,,,148.5,3,0.5927433496327001
Chris Picton MP,,,148.5,3,0.7777701445657642
Jassmine Peggy Wood,,,148.5,3,0.1768462253007237
Rufaro G Kanjere,,,148.5,3,0.447212727212286
Emily Morgan,,,148.5,3,0.9667638933673524
"ANU Institute for Climate, Energy & Disaster Solutions",,,148.5,3,0.08778640019350781
Australian Arab Association. Inc,,,148.5,3,0.16970303803221548
Daniel Huggett,,,148.5,3,0.40282818174987395
Steph Ryan MP,,,148.5,3,0.28857566058411327
Amber-Jade Sanderson,,,148.5,3,0.4085416265618092
Matt Swinbourn MLC,,,148.5,3,0.1284567177832451
Inspiro,,,148.5,3,0.2319384110903806
Amanda Alexandra Mccormack,,,148.5,3,0.3831479611689423
Australian Disability,,,148.5,3,0.9595136323354001
Melissa Jones,,,148.5,3,0.3831479611689423
NSW Farmers,,,148.5,3,0.614609114207913
University of Tasmania,,,148.5,3,0.2235328755957982
Bread 4 Today,,,148.5,3,0.3329723212796236
Help Save Our Wildlife,,,148.5,3,0.06603721834733867
The York Festival,,,148.5,3,0.38249227200214475
Joanne Lee Bromilow,,,148.5,3,0.3831479611689423
Xome Artist,,,148.5,3,0.2963827533010859
Lawley Pharmaceuticals,,,148.5,3,0.3711312477335629
Office of Craig Crawford MP,,,99.0,2,0.26451216506542163
Surfers for Climate,,,99.0,2,0.8331390485673036
Adriana Christopoulos,,,99.0,2,0.7670869741632843
Timothy Mark Evans,,,99.0,2,0.9542433681019032
Edith Cowan University,,,99.0,2,0.0004272268528147105
Women in Business Mornington Peninsula,,,99.0,2,0.00010209779782605066
Public Love Enterprises,,,99.0,2,0.5496152597176822
Brett William Tucker,,,99.0,2,0.7013350424227534
Stephen Anthony Mcnamara,,,99.0,2,0.7953739108097536
Andrew Powell MP,,,99.0,2,0.33523997934669875
Tanya Davies,,,99.0,2,0.05880219823691396
Joshua Matthew Vivian,,,99.0,2,0.3887639616699666
Lisa Rowntree,,,99.0,2,0.9982534800000697
Voices of Mackellar,,,99.0,2,0.4203926623809931
Henry Thomas Clarke,,,99.0,2,0.1258422714197009
Elisa Tsounis,,,99.0,2,0.21203454972758673
Preston Rowe Patterson Geelong,,,99.0,2,0.6452535022932304
Cassie Rowe MLA,,,99.0,2,0.5050479664638738
Rikki Enz Baulch,,,99.0,2,0.879455436705091
Public Service Association of New South Wales,,,99.0,2,0.533194171814374
94.7 The Pulse,,,99.0,2,0.9293674577351445
Matt Noble,,,99.0,2,0.11909613361347648
Sandra Hope Grekas,,,99.0,2,0.8513609095690434
Linus Power MP,,,99.0,2,0.12418134339893006
Andrea M Bunting,,,99.0,2,0.9995308119742677
Sameer Pandey,,,99.0,2,0.3545296602013222
Donna Lynne Mackinnon,,,99.0,2,0.6893252575377297
Rod Barton MP ,,,99.0,2,0.9089839622673489
National Association for the Visual Arts,,,99.0,2,0.8538218342295107
The Australian Federation Party,,,99.0,2,0.7566504150434985
Apsey Enterprises Pty Ltd T/A Globetrotters Travel & Cruise,,,99.0,2,0.8426631496768893
Kathleen Georgina Herbert,,,99.0,2,0.6618496166711422
Sophie Nguyen,,,99.0,2,0.6259512903539541
Elly Bird,,,99.0,2,0.9752419858544663
Olivia Dawn-Skye Lorraine,,,99.0,2,0.8491772546720472
Woden Valley Community Council,,,99.0,2,0.024863702476539462
Sara Walker,,,99.0,2,0.5395824489980459
Rodney Keith Henderson,,,99.0,2,0.46915020862699164
James Lloyd Nicholas Mullan,,,99.0,2,0.5723996046843597
Steve Krieg for Mayor,,,99.0,2,0.794524844480139
Neo Williams,,,99.0,2,0.6046881778255883
Extinction Rebellion South Australia,,,99.0,2,0.30498582559342335
Christopher Jon Baguley,,,99.0,2,0.7007357488888735
Tammie Lee Sinclair,,,99.0,2,0.21367529365738092
Matthew James Mitchell,,,99.0,2,0.07346023189891909
Finance Sector Union of Australia,,,99.0,2,0.3041462879085559
CoGC Pro Choice Alliance,,,99.0,2,0.47943079461674887
Ching Wong,,,99.0,2,0.3689020558208784
James Christopher Child,,,99.0,2,0.8283411038652473
Rebekah Rogers,,,99.0,2,0.3095581763898918
Josh Cockshutt,,,99.0,2,0.4572347561686478
Belinda A Haydon,,,99.0,2,0.9864906646162886
Beverly-Ann Walters,,,99.0,2,0.4743098407577009
Matthew John Paterson-Nicolai,,,99.0,2,0.5902239670388693
Lead And Earn,,,99.0,2,0.03531195010250182
No More Butts,,,99.0,2,0.956826826673528
Amanda Brien,,,99.0,2,0.4555439194499727
Dept of Communities and Justice NSW - safer together,,,99.0,2,0.00046443957505537536
Indigenous Desert Alliance,,,99.0,2,0.4011367010384202
Ellie Sefton,,,99.0,2,0.4426420947200815
Carl Halley,,,99.0,2,0.5794243098387905
Jack Douglas Evans,,,99.0,2,0.5343720638300701
Outdoors People for Climate,,,99.0,2,0.4038146978764436
Don Brown,,,99.0,2,0.7991149842356973
MTF,,,99.0,2,0.5033862170741803
Syed M A Abidi,,,99.0,2,0.4185873252546444
Electoral Commission of Queensland,,,99.0,2,0.9911172997552334
Elle Larwood,,,99.0,2,0.9791441353279384
Community and Public Sector Union,,,99.0,2,0.330673536923638
Nathan Danes O'Donnell,,,99.0,2,0.9172272266711469
Tania Maree Brown,,,99.0,2,0.579431732036228
Lisa Marjorie Willows,,,99.0,2,0.4368362047744962
Jing Li,,,99.0,2,0.00011936450444977043
Mark De Beaumont Davies,,,99.0,2,0.48180957591216816
Kristianne Veronica Foreman,,,99.0,2,0.897304895386735
Property Central,,,99.0,2,0.04921172550773917
SBS Bulgarian,,,99.0,2,0.27586096578983826
Fraser Coast Regional Council,,,99.0,2,0.6073082653244571
Kiri Jane Dicker,,,99.0,2,0.4411761388393342
Disability Resources Centre,,,99.0,2,0.5567913904145766
City of Melton,,,99.0,2,0.7417263609320339
Let's Back Bathurst,,,99.0,2,0.8252249013203607
Joshua Roland Burgoyne,,,99.0,2,0.1053048872461233
SaveLabrador,,,99.0,2,0.059277401297668564
Jim Maxwell - Vote for Experience,,,99.0,2,0.4306742154844276
Helen Patricia Hayden,,,99.0,2,0.464902462403534
Mark David Elliott,,,99.0,2,0.9580844851920265
Sophie Love,,,99.0,2,0.8739870373446783
Kim Wheatley,,,99.0,2,0.49680049912223256
Erin Adelaide Hope Watt,,,99.0,2,0.5046579130228795
Community Union Defence League,,,99.0,2,0.49488094156369894
The Forever Project,,,99.0,2,5.038949697194761e-05
Communities for Clean Air,,,99.0,2,0.4411869733282483
Bianca Sandri,,,99.0,2,0.04581811185237195
Gary James Barnes,,,99.0,2,0.43280203522358973
Lochie Dornauf,,,99.0,2,0.49825543630222724
Elizabeth L Nealy,,,99.0,2,0.8388405681775428
Darren Ross Mccubbin,,,99.0,2,0.9652590262875361
Damien Hubert Mahon,,,99.0,2,0.9941256629279132
ANU for Environmental Action,,,99.0,2,0.9026401791479849
Haylee Farnden,,,99.0,2,0.4999862023768283
Raymond John Tait,,,99.0,2,0.3831479611689423
intertwine pty ltd,,,99.0,2,0.3021666211539114
The Royal Women's Hospital,,,99.0,2,0.0003382569245606315
Save Western Port Woodlands,,,99.0,2,0.7223592288846195
Henry Paul Photography,,,99.0,2,0.7917275533566919
Richard D Lipp,,,99.0,2,0.28862817645264516
Jonathan Cole,,,99.0,2,0.37217925137448105
Today,,,99.0,2,0.09901099379697485
Chelsey Amber Ballard,,,99.0,2,0.7390728823825273
Andrea Michaels MP,,,99.0,2,0.2975618203675304
Petrie Street Pictures,,,99.0,2,0.659209514370143
Australian Association of Christian Schools,,,99.0,2,0.10659065987900557
Suman Kanti Saha,,,99.0,2,0.040595781975868994
Steven S Abboushi,,,99.0,2,0.36120411546176634
Renata J Hawkins,,,99.0,2,0.054120825723698696
Australian Turkish Advocacy Alliance,,,99.0,2,0.3468593978157615
No Laughing Matter,,,99.0,2,0.10297502522804775
Liesl Tesch MP,,,99.0,2,0.31399116931948845
Green Karma,,,99.0,2,0.11037173909170173
Lifeline Australia,,,99.0,2,0.11435185687045406
Pro Bono Australia,,,99.0,2,0.08255889496574043
Australian Institute for International Affairs Tasmania,,,99.0,2,0.0012076850557732888
Karen Freyer,,,49.5,1,0.9617445226611789
Donald Thomas Punch,,,49.5,1,0.011451169238641536
Chuffed.org Pty Ltd,,,49.5,1,0.9966033389423368
Bayside City Council,,,49.5,1,0.9196971661875408
Meaghan Alana Jenkins Scanlon,,,49.5,1,0.04236907467576767
Sonya Charlotte Mcintyre Reid,,,49.5,1,0.36887045640016924
Robbie Sinclair,,,49.5,1,0.9241242698804069
Lauren Jew,,,49.5,1,0.33582021978663723
William Scott,,,49.5,1,0.993946155770721
Red Union,,,49.5,1,0.7510433501647561
Adrian Melville Raedel,,,49.5,1,0.2817472687828919
Gaurav Patni,,,49.5,1,0.9640670433686753
Callum R Whitehead,,,49.5,1,0.9890970959963004
Michael Gordon Hewitson,,,49.5,1,0.048686110565742236
Amy Johnson,,,49.5,1,0.41617074724480163
Michael Brunker ,,,49.5,1,0.9953286072710136
Deb Brewer for Pembroke,,,49.5,1,0.06117475706469011
British Pensions in Australia,,,49.5,1,0.9433211367874277
Knox City Council,,,49.5,1,0.025828747533667262
Judith Neilson Institute for Journalism and Ideas,,,49.5,1,0.19697061376198186
Courtney Mazzini,,,49.5,1,0.8943587066294146
Ros Bates MP,,,49.5,1,0.057371269523931234
Luke Michael Williamson,,,49.5,1,0.6786376137334525
Richard Victor Ivey,,,49.5,1,0.999216482260768
Adin John Lang,,,49.5,1,0.07001940234705906
Samuel Harcourt Coupland,,,49.5,1,0.8576964677190482
Animal Liberation Queensland,,,49.5,1,0.0005751751962242979
Kapil Rameshbai Bhadra,,,49.5,1,0.8702723340206127
Fight For Tuvalu,,,49.5,1,0.8425130268619719
Port Phillip Emergency Climate Action Network (PECAN),,,49.5,1,0.012155692568200926
Daniel Ribarovski,,,49.5,1,0.5295820226475589
Joshua Kenneth James Crawford,,,49.5,1,0.35113158835168
Andrew James Anthony,,,49.5,1,0.567652029402675
Stirling Hinchliffe,,,49.5,1,0.0017972625564671718
City of Kwinana,,,49.5,1,0.3870100717348772
Felicity Wilson MP,,,49.5,1,0.7242430015622334
Joel A Witten,,,49.5,1,0.4197724733292589
"Alcohol, Tobacco and other Drugs Council Tasmania",,,49.5,1,0.003867483316167264
Karen Antonia Maria Wright,,,49.5,1,0.9033780057564291
Ryan Mackenzie Murphy,,,49.5,1,0.9916767918945951
Tekohi Andrew Rivera,,,49.5,1,0.005556902894843785
The Finance Alliance,,,49.5,1,0.9263878500848499
Nicholas Charles Harvey Wright,,,49.5,1,0.351086220647997
Peter Cain MLA,,,49.5,1,0.24267083959559396
Jacob Paul Cass,,,49.5,1,0.9973785297063342
Joshua Wayne Shoobridge,,,49.5,1,0.991090346635514
Ereboni Yazdani,,,49.5,1,0.9999999614038728
Wayne Ross Fischer,,,49.5,1,0.0006830158292455701
Ability Gateway,,,49.5,1,0.01049480101479927
James Patrick Malecki,,,49.5,1,0.6336484677900119
Councillor Declan Clausen,,,49.5,1,0.8836328295591769
Troy Bell MP,,,49.5,1,0.9331069180255133
Mia Davies MLA,,,49.5,1,0.9976984862572194
Aurum Media Group Pty Ltd,,,49.5,1,0.9390357635242813
Stuart Ayres MP,,,49.5,1,0.604462978981446
Wannon Water,,,49.5,1,0.04790363963546551
Gippsland Climate Change Network,,,49.5,1,0.7838841232821353
Misty-Glo Belinda Farquhar,,,49.5,1,0.009229429325579463
Paul Langley,,,49.5,1,0.35519746078866243
Amita Ros,,,49.5,1,0.8409131695535745
Northwest Rail Alliance,,,49.5,1,0.5410046658627664
Stop Adani ,,,49.5,1,0.9562510803571301
Cr Sebastian Schiano - Shire of Capel Deputy President,,,49.5,1,0.13342242309597463
Robin Andrew Lawrence,,,49.5,1,0.9043507641116351
David Bruce Smith,,,49.5,1,0.061002770725152804
Dorlene Abou-Haidar,,,49.5,1,0.09965478808424133
Kane Marshall Stewart,,,49.5,1,0.0008561056232341269
Strathfield Council,,,49.5,1,0.814400754945631
Melton Toyota,,,49.5,1,0.9668295757012176
Farm Animal Rescue,,,49.5,1,0.030772000912870242
Rae-Lynn Cassandra Holfter,,,49.5,1,0.8195005820766966
Jessica Kate Greatwich,,,49.5,1,0.87152057302969
Yuvraj Dhingra,,,49.5,1,0.0005406574714305057
Pauline Anne Bantock,,,49.5,1,0.5226598988840554
Carly Jayne Marriott,,,49.5,1,0.8628628429433026
Stand Up and Vote ,,,49.5,1,0.9999990103854529
3 Steps Away,,,49.5,1,0.06677858769829059
Bradley James Warner,,,49.5,1,0.7471474905000968
Mohammad Abu Sofian,,,49.5,1,0.7249116330583871
DPS,,,49.5,1,0.9336854164986681
Robert A Szatkowski,,,49.5,1,0.22597151609386956
DFK Laurence Varnay,,,49.5,1,0.10604286673668706
Lechun Zhang,,,49.5,1,0.31243114608030975
Vele Civijovski,,,49.5,1,0.8848507509603037
Andrew Reay Mackay,,,49.5,1,0.010719955047374998
Daniel Thomas Sumpton,,,49.5,1,0.37711450030124843
Steven Marshall MP,,,49.5,1,0.8893709168375976
Geoffrey Hamilton Acton,,,49.5,1,0.31547588260953174
Jordan Wright,,,49.5,1,0.5892797792092317
Troy Arandale,,,49.5,1,0.8369883819453113
Hadi Saab,,,49.5,1,0.03951472023732294
Thomas William Wyllie Watson,,,49.5,1,0.5661288432516587
"Michael Jones, Solicitor",,,49.5,1,0.9721084289062285
Klara Andric MLC,,,49.5,1,0.5260517164221333
Larissa Jan Penn,,,49.5,1,0.9764458866783555
Kim Phuong Dinh,,,49.5,1,0.37102989474331716
Geoffrey Lan Pegler,,,49.5,1,0.5844663011329121
Delia L Burrage,,,49.5,1,0.9999953617833941
Craig Campbell,,,49.5,1,0.2128912070055029
Michael Raymond Brunker,,,49.5,1,0.00248733663930234
Arabella A Daniel,,,49.5,1,0.9017196782203207
Leonard Dean Draper,,,49.5,1,0.6394947576982185
Far North Young LNP,,,49.5,1,0.8203948527369502
Neville R Jaensch,,,49.5,1,0.9998956195050334
Australian Progressive Media,,,49.5,1,0.2070926676436543
Olivia Savvas MP,,,49.5,1,0.2725948899280971
Sabine Winton,,,49.5,1,0.30721881061614864
"Nat Cook MP, 191 Bains Road, Morphett Vale SA 5162",,,49.5,1,0.23499392427558063
David Morris MP,,,49.5,1,0.7669267299234104
Ash Taylor,,,49.5,1,0.8430755447149066
Andrew Boyd Barber,,,49.5,1,0.6222232866186344
Darrell John Hendrik Tiemens,,,49.5,1,0.9111072688420995
Peter Charles Moran,,,49.5,1,0.9999320758499609
N Edwards-Galal,,,49.5,1,0.03159958259709039
Youth Support + Advocacy Service,,,49.5,1,0.9033406721654055
Athina Pascoe-Bell,,,49.5,1,0.8323325842884471
No Plastic Waste,,,49.5,1,0.16295418584622567
Leigh Robert Gray,,,49.5,1,0.985486708111854
Rochelle M Halstead,,,49.5,1,0.3471176145821878
Caroline Le Couteur,,,49.5,1,0.0013084609194153884
Central Australian Frack Free Alliance,,,49.5,1,0.49919193538825263
Kokoda Track Memorial Walkway,,,49.5,1,0.27683259152801776
Janet Drummond,,,49.5,1,0.3815558121644965
Maddison Lindsay Smith,,,49.5,1,0.3472246939595688
Edward Stewart Smelt,,,49.5,1,0.6243919330032666
John Edward Keogh,,,49.5,1,0.734820577480968
Melinda Jean Jones,,,49.5,1,0.48440976851653106
Slow Grow Flower Co,,,49.5,1,0.5605581656887947
Independent for Maroubra  ,,,49.5,1,0.7694033193119155
Sarah E R Hathway,,,49.5,1,0.9880887081719124
Dean A Hurlston,,,49.5,1,0.9497812413237854
CJ's Business Solutions,,,49.5,1,0.6891023354413481
Sugandhi Chanana,,,49.5,1,0.9207244950271262
Linda Janet Lenord,,,49.5,1,0.621944691417854
Meagan K Baker,,,49.5,1,0.2305703069999957
Cameron Peter Walters,,,49.5,1,0.653251263065288
Desert Blue Connect,,,49.5,1,8.252163714250749e-06
The Thin Green Line Foundation,,,49.5,1,0.17708573841548816
Democratic Labour Party of South Australia,,,49.5,1,0.9812004063299438
Crystal Leah Smith,,,49.5,1,0.30456459934070157
Lyndon Thomas Gannon,,,49.5,1,0.40076063457012645
Jason Wells,,,49.5,1,0.008931404033495238
Melanie Jewson Foundation Ltd,,,49.5,1,0.3543732278132245
Gladstone Chamber of Commerce & Industry,,,49.5,1,0.9938004382341937
Kristy L Hourigan,,,49.5,1,0.6687995297541087
Patrick Vincent Hall,,,49.5,1,0.9995732761668604
Margaret C Walker,,,49.5,1,0.8463395631550675
Jenny Michelle Ellis,,,49.5,1,0.11939971754067913
Brian Walker Campaign Committee Incorporated,,,49.5,1,0.45044171824864637
Jacob Adrian Bettio,,,49.5,1,0.8081992701486744
Matthew Gilbert Hawken,,,49.5,1,0.6345350002402902
Michael Peter Thorn,,,49.5,1,0.30885718339298474
Steven Brian Pearce,,,49.5,1,0.41519647760753464
Tyrone Richard Hennessy D'Lisle,,,49.5,1,0.08898194350735278
Dean Winter MP,,,49.5,1,0.33083107228513775
Warrick Jordan,,,49.5,1,0.3800076214744134
Oliver John Isaac Griffiths,,,49.5,1,0.9016675331745628
"Environment, Planning and Sustainable Development Directorate",,,49.5,1,0.8806613668136283
Star Promotions,,,49.5,1,0.8771911115445684
Mark Shelton MP,,,49.5,1,0.5525857075492515
Milo Kei,,,49.5,1,0.9187328872270825
Alexander Lew,,,49.5,1,0.6474846880200396
Warren Anthony Morrison,,,49.5,1,0.9583365353624874
Rule of Law Education Centre,,,49.5,1,0.9971432358288086
Kyco Pty Ltd T/A The Great Australian Rip Off,,,49.5,1,0.7157106806969112
Russell James Craig Redmond,,,49.5,1,0.08271428763188493
Samuel Darcy Wainwright,,,49.5,1,0.6447586488690797
Samaritans Foundation,,,49.5,1,0.23046641424980607
Rodney James Virgo,,,49.5,1,9.22767596778229e-08
Kristina Barnett,,,49.5,1,0.1950688366140505
David Robinson,,,49.5,1,0.8613345362530674
Callum Eric Mulligan Pull,,,49.5,1,0.386032071408997
Stuart Pearson - Bathurst Matters,,,49.5,1,0.11519612196742335
Peter Primrose MLC,,,49.5,1,0.966381569012492
Bachmayer Accounting,,,49.5,1,0.10803065501262878
Andrew John Arthur,,,49.5,1,0.00011096994306458718
Diabetes NSW & ACT,,,49.5,1,0.0070167285764477505
Peter Stuart Wileman,,,49.5,1,0.8967009430992944
Chris Tallentire MLA,,,49.5,1,0.2500894289453487
Shakil Rishay Sharma,,,49.5,1,0.7259351305797597
AIIA,,,49.5,1,0.0021074737369845
Roy David Bendall,,,49.5,1,0.3831479611689423
Rainbow Crossing Inc,,,49.5,1,0.00017188448089267006
Maxwell Anthony Venn-Brown,,,49.5,1,0.9519442156474985
Hope+Heal,,,49.5,1,5.9726378679347825e-05
Susan Elizabeth Mcginn,,,49.5,1,0.3831479611689423
World Wellness Group,,,49.5,1,0.0023911822147855144
Zionist Federation of Australia,,,49.5,1,0.19221681956818415
Day of AI Australia ,,,49.5,1,0.018660208902714914
Women's Climate Congress,,,49.5,1,0.995827427656049
Australian Communist Party,,,49.5,1,0.5581088043080742
Patrick Francis Fitzgerald,,,49.5,1,0.3831479611689423
Melinda Reed,,,49.5,1,0.3831479611689423
Ann-Maree Greaney,,,49.5,1,0.09402014977057227
John-Paul Langbroek MP,,,49.5,1,0.8499653903838627
Demeine Elizabeth Winikerei,,,49.5,1,0.14617140347601087
Jessica Rose Munro,,,49.5,1,0.4569998062923478
JASON YAT-SEN LI,,,49.5,1,0.2204840701687958
Mitcheil Patrick Clarke,,,49.5,1,0.0024394559208914535
Clinton Robert De Young,,,49.5,1,0.912603972998601
Kate Renee Barry,,,49.5,1,0.10589847555660614
Moira-Louise Deeming,,,49.5,1,0.7599325306825554
Emily Bourke MLC,,,49.5,1,0.8752447997196064
Senator Anne Ruston,,,49.5,1,0.5971214556039435
ARPRA Limited,,,49.5,1,0.9995695211490092
George Micheal Gilto,,,49.5,1,0.4134913354018721
Punjabi Kangaroo,,,49.5,1,0.3831479611689423
Steven Orakau Semmens,,,49.5,1,0.08954410482313502
Nhan Ngoc Trong Huynh,,,49.5,1,0.012101152225499678
CatholicCare Sydney,,,49.5,1,0.002931761898266272
Arts Industry Council of South Australia,,,49.5,1,0.055560052434357465
India News Australia,,,49.5,1,0.1813350271972215
Co.As.It.,,,49.5,1,0.556623798088363
"Graduate Student Association, the University of Melbourne",,,49.5,1,0.955062707659595
CPP,,,49.5,1,0.8195419834246669
Heart and Soul Care,,,49.5,1,0.0018586231139732234
Blooms The Chemist Queanbeyan,,,49.5,1,0.002825259170955885
Asia Institute,,,49.5,1,5.950795411990839e-14
SBS French,,,49.5,1,0.46675497377320185
Charles Kent,,,49.5,1,0.9999882822225528
Edmund Rice Centre for Justice & Community Education,,,49.5,1,0.14970007877303715
Gideon Chaskiel Rozner,,,49.5,1,0.3905550255639978
Stephanie Ann Thomas,,,49.5,1,0.9645502849382067
Soroptimist International Randwick,,,49.5,1,0.0019183696007198936
Sally Townley,,,49.5,1,0.38982749713163867
John Anthony Fry,,,49.5,1,0.4234044231153045
David James Murtagh,,,49.5,1,0.09701152567124594
Baker Heart and Diabetes Institute,,,49.5,1,0.04551182018100719
North Queensland Conservation Council Inc.,,,49.5,1,0.9475631314862334
Anoulack Chanthivong MP Member for Macquarie Fields,,,49.5,1,0.26092428075614715
The Human Rights Law Centre,,,49.5,1,0.3612191342350487
Australian Rail Tram and Bus Union Queensland Branch,,,49.5,1,0.7112965347844844
